essi,LibPath,Version,Priority,Depends,Imports,LinkingTo,Suggests,Enhances,License,License_is_FOSS,License_restricts_use,OS_type,MD5sum,NeedsCompilation,Built
abind,/home/ken/R/x86_64-pc-linux-gnu-library/4.2,1.4-5,NA,R (>= 1.5.0),"methods, utils",NA,NA,NA,LGPL (>= 2),NA,NA,NA,NA,no,4.2.0
assertthat,/home/ken/R/x86_64-pc-linux-gnu-library/4.2,0.2.1,NA,NA,tools,NA,"testthat, covr",NA,GPL-3,NA,NA,NA,NA,no,4.2.0
base64enc,/home/ken/R/x86_64-pc-linux-gnu-library/4.2,0.1-3,NA,R (>= 2.9.0),NA,NA,NA,png,GPL-2 | GPL-3,NA,NA,NA,NA,yes,4.2.0
bit,/home/ken/R/x86_64-pc-linux-gnu-library/4.2,4.0.4,NA,R (>= 2.9.2),NA,NA,"testthat (>= 0.11.0), roxygen2, knitr, rmarkdown,
microbenchmark, bit64 (>= 4.0.0), ff (>= 4.0.0)",NA,GPL-2 | GPL-3,NA,NA,NA,NA,yes,4.2.0
bit64,/home/ken/R/x86_64-pc-linux-gnu-library/4.2,4.0.5,NA,"R (>= 3.0.1), bit (>= 4.0.0), utils, methods, stats",NA,NA,NA,NA,GPL-2 | GPL-3,NA,NA,NA,NA,yes,4.2.0
blob,/home/ken/R/x86_64-pc-linux-gnu-library/4.2,1.2.3,NA,NA,"methods, rlang, vctrs (>= 0.2.1)",NA,"covr, crayon, pillar (>= 1.2.1), testthat",NA,MIT + file LICENSE,NA,NA,NA,NA,no,4.2.0
broom,/home/ken/R/x86_64-pc-linux-gnu-library/4.2,0.8.0,NA,R (>= 3.1),"backports, dplyr (>= 1.0.0), ellipsis, generics (>= 0.0.2),
glue, methods, purrr, rlang, stringr, tibble (>= 3.0.0), tidyr
(>= 1.0.0), ggplot2",NA,"AER, akima, AUC, bbmle, betareg, biglm, binGroup, boot,
btergm (>= 1.10.6), car, caret, cluster, cmprsk, coda, covr,
drc, e1071, emmeans, epiR, ergm (>= 3.10.4), fixest (>= 0.9.0),
gam (>= 1.15), gee, geepack, glmnet, glmnetUtils, gmm, Hmisc,
irlba, joineRML, Kendall, knitr, ks, Lahman, lavaan, leaps,
lfe, lm.beta, lme4, lmodel2, lmtest (>= 0.9.38), lsmeans, maps,
maptools, margins, MASS, Matrix, mclust, mediation, metafor,
mfx, mgcv, mlogit, modeldata, modeltests, muhaz, multcomp,
network, nnet, orcutt (>= 2.2), ordinal, plm, poLCA, psych,
quantreg, rgeos, rmarkdown, robust, robustbase, rsample,
sandwich, sp, spdep (>= 1.1), spatialreg, speedglm, spelling,
survey, survival, systemfit, testthat (>= 2.1.0), tseries,
vars, zoo",NA,MIT + file LICENSE,NA,NA,NA,NA,no,4.2.0
bslib,/home/ken/R/x86_64-pc-linux-gnu-library/4.2,0.3.1,NA,R (>= 2.10),"grDevices, htmltools (>= 0.5.2), jsonlite, sass (>= 0.4.0),
jquerylib (>= 0.1.3), rlang",NA,"shiny (>= 1.6.0), rmarkdown (>= 2.7), thematic, knitr,
testthat, withr, rappdirs, curl, magrittr",NA,MIT + file LICENSE,NA,NA,NA,NA,no,4.2.0
callr,/home/ken/R/x86_64-pc-linux-gnu-library/4.2,3.7.0,NA,NA,"processx (>= 3.5.0), R6, utils",NA,"cli, covr, ps, rprojroot, spelling, testthat, withr (>=
2.3.0)",NA,MIT + file LICENSE,NA,NA,NA,NA,no,4.2.0
cellranger,/home/ken/R/x86_64-pc-linux-gnu-library/4.2,1.1.0,NA,R (>= 3.0.0),"rematch, tibble",NA,"covr, testthat (>= 1.0.0), knitr, rmarkdown",NA,MIT + file LICENSE,NA,NA,NA,NA,no,4.2.0
cli,/home/ken/R/x86_64-pc-linux-gnu-library/4.2,3.3.0,NA,R (>= 3.4),"glue (>= 1.6.0), utils",NA,"asciicast, callr, covr, digest, grDevices, htmltools,
htmlwidgets, knitr, methods, mockery, processx, ps (>=
1.3.4.9000), rlang, rmarkdown, rstudioapi, shiny, testthat,
tibble, whoami, withr",NA,MIT + file LICENSE,NA,NA,NA,NA,yes,4.2.0
cmdstanr,/home/ken/R/x86_64-pc-linux-gnu-library/4.2,0.5.2,NA,R (>= 3.5.0),"checkmate,
data.table,
jsonlite (>= 1.2.0),
posterior (>= 1.1.0),
processx (>= 3.5.0),
R6 (>= 2.4.0),
withr (>= 2.5.0)",NA,"bayesplot,
knitr (>= 1.37),
loo (>= 2.0.0),
rlang (>= 0.4.7),
rmarkdown,
testthat (>= 2.1.0)",NA,BSD_3_clause + file LICENSE,NA,NA,NA,NA,NA,4.3.0
colorspace,/home/ken/R/x86_64-pc-linux-gnu-library/4.2,2.0-3,NA,"R (>= 3.0.0), methods","graphics, grDevices, stats",NA,"datasets, utils, KernSmooth, MASS, kernlab, mvtnorm, vcd,
tcltk, shiny, shinyjs, ggplot2, dplyr, scales, grid, png, jpeg,
knitr, rmarkdown, RColorBrewer, rcartocolor, scico, viridis,
wesanderson",NA,BSD_3_clause + file LICENSE,NA,NA,NA,NA,yes,4.2.0
cpp11,/home/ken/R/x86_64-pc-linux-gnu-library/4.2,0.4.2,NA,NA,NA,NA,"bench, brio, callr, cli, covr, decor, desc, ggplot2, glue,
knitr, lobstr, mockery, progress, rmarkdown, scales, Rcpp,
testthat, tibble, utils, vctrs, withr",NA,MIT + file LICENSE,NA,NA,NA,NA,no,4.2.0
crayon,/home/ken/R/x86_64-pc-linux-gnu-library/4.2,1.5.1,NA,NA,"grDevices, methods, utils",NA,"mockery, rstudioapi, testthat, withr",NA,MIT + file LICENSE,NA,NA,NA,NA,no,4.2.0
DBI,/home/ken/R/x86_64-pc-linux-gnu-library/4.2,1.1.2,NA,"methods, R (>= 3.0.0)",NA,NA,"blob, covr, DBItest, dbplyr, downlit, dplyr, glue, hms,
knitr, magrittr, RMariaDB, rmarkdown, rprojroot, RSQLite (>=
1.1-2), testthat, xml2",NA,LGPL (>= 2.1),NA,NA,NA,NA,no,4.2.0
dbplyr,/home/ken/R/x86_64-pc-linux-gnu-library/4.2,2.1.1,NA,R (>= 3.1),"assertthat (>= 0.2.0), blob (>= 1.2.0), DBI (>= 1.0.0), dplyr
(>= 1.0.4), ellipsis, glue (>= 1.2.0), lifecycle (>= 1.0.0),
magrittr, methods, purrr (>= 0.2.5), R6 (>= 2.2.2), rlang (>=
0.2.0), tibble (>= 1.4.2), tidyselect (>= 0.2.4), utils, vctrs,
withr",NA,"bit64, covr, knitr, Lahman, nycflights13, odbc, RMariaDB (>=
1.0.2), rmarkdown, RPostgres (>= 1.1.3), RPostgreSQL, RSQLite
(>= 2.1.0), testthat (>= 3.0.2), tidyr",NA,MIT + file LICENSE,NA,NA,NA,NA,no,4.2.0
digest,/home/ken/R/x86_64-pc-linux-gnu-library/4.2,0.6.29,NA,R (>= 3.3.0),utils,NA,"tinytest, simplermarkdown",NA,GPL (>= 2),NA,NA,NA,NA,yes,4.2.0
distributional,/home/ken/R/x86_64-pc-linux-gnu-library/4.2,0.3.0,NA,NA,"vctrs (>= 0.3.0), rlang (>= 0.4.5), generics, ellipsis, stats,
numDeriv, ggplot2, scales, farver, digest, utils, lifecycle",NA,"testthat (>= 2.1.0), covr, mvtnorm, actuar (>= 2.0.0), ggdist",NA,GPL-3,NA,NA,NA,NA,no,4.2.0
dplyr,/home/ken/R/x86_64-pc-linux-gnu-library/4.2,1.0.9,NA,R (>= 3.4.0),"generics, glue (>= 1.3.2), lifecycle (>= 1.0.1), magrittr (>=
1.5), methods, R6, rlang (>= 1.0.2), tibble (>= 2.1.3),
tidyselect (>= 1.1.1), utils, vctrs (>= 0.4.1), pillar (>=
1.5.1)",NA,"bench, broom, callr, covr, DBI, dbplyr (>= 1.4.3), ggplot2,
knitr, Lahman, lobstr, microbenchmark, nycflights13, purrr,
rmarkdown, RMySQL, RPostgreSQL, RSQLite, testthat (>= 3.1.1),
tidyr, withr",NA,MIT + file LICENSE,NA,NA,NA,NA,yes,4.2.0
dtplyr,/home/ken/R/x86_64-pc-linux-gnu-library/4.2,1.2.1,NA,R (>= 3.3),"crayon, data.table (>= 1.13.0), dplyr (>= 1.0.3), ellipsis,
glue, lifecycle, rlang, tibble, tidyselect, vctrs",NA,"bench, covr, knitr, rmarkdown, testthat (>= 3.0.0), tidyr (>=
1.1.0)",NA,MIT + file LICENSE,NA,NA,NA,NA,no,4.2.0
ellipsis,/home/ken/R/x86_64-pc-linux-gnu-library/4.2,0.3.2,NA,R (>= 3.2),rlang (>= 0.3.0),NA,"covr, testthat",NA,MIT + file LICENSE,NA,NA,NA,NA,yes,4.2.0
evaluate,/home/ken/R/x86_64-pc-linux-gnu-library/4.2,0.15,NA,R (>= 3.0.2),methods,NA,"covr, ggplot2, lattice, testthat",NA,MIT + file LICENSE,NA,NA,NA,NA,no,4.2.0
fansi,/home/ken/R/x86_64-pc-linux-gnu-library/4.2,1.0.3,NA,R (>= 3.1.0),"grDevices, utils",NA,"unitizer, knitr, rmarkdown",NA,GPL-2 | GPL-3,NA,NA,NA,NA,yes,4.2.0
farver,/home/ken/R/x86_64-pc-linux-gnu-library/4.2,2.1.0,NA,NA,NA,NA,"testthat (>= 2.1.0), covr",NA,MIT + file LICENSE,NA,NA,NA,NA,yes,4.2.0
fastmap,/home/ken/R/x86_64-pc-linux-gnu-library/4.2,1.1.0,NA,NA,NA,NA,testthat (>= 2.1.1),NA,MIT + file LICENSE,NA,NA,NA,NA,yes,4.2.0
forcats,/home/ken/R/x86_64-pc-linux-gnu-library/4.2,0.5.1,NA,R (>= 3.2),"ellipsis, magrittr, rlang, tibble",NA,"covr, dplyr, ggplot2, knitr, readr, rmarkdown, testthat",NA,MIT + file LICENSE,NA,NA,NA,NA,no,4.2.0
gargle,/home/ken/R/x86_64-pc-linux-gnu-library/4.2,1.2.0,NA,R (>= 3.3),"cli (>= 3.0.0), fs (>= 1.3.1), glue (>= 1.3.0), httr (>=
1.4.0), jsonlite, rappdirs, rlang (>= 0.4.9), rstudioapi,
stats, utils, withr",NA,"aws.ec2metadata, aws.signature, covr, httpuv, knitr, mockr,
rmarkdown, sodium, spelling, testthat (>= 3.0.0)",NA,MIT + file LICENSE,NA,NA,NA,NA,no,4.2.0
generics,/home/ken/R/x86_64-pc-linux-gnu-library/4.2,0.1.2,NA,R (>= 3.2),methods,NA,"covr, pkgload, testthat (>= 3.0.0), tibble, withr",NA,MIT + file LICENSE,NA,NA,NA,NA,no,4.2.0
ggbiplot,/home/ken/R/x86_64-pc-linux-gnu-library/4.2,0.55,NA,"ggplot2, plyr, scales, grid",NA,NA,NA,NA,GPL-2,NA,NA,NA,NA,no,4.2.0
ggplot2,/home/ken/R/x86_64-pc-linux-gnu-library/4.2,3.3.6,NA,R (>= 3.3),"digest, glue, grDevices, grid, gtable (>= 0.1.1), isoband,
MASS, mgcv, rlang (>= 0.4.10), scales (>= 0.5.0), stats,
tibble, withr (>= 2.0.0)",NA,"covr, ragg, dplyr, ggplot2movies, hexbin, Hmisc, interp,
knitr, lattice, mapproj, maps, maptools, multcomp, munsell,
nlme, profvis, quantreg, RColorBrewer, rgeos, rmarkdown, rpart,
sf (>= 0.7-3), svglite (>= 1.2.0.9001), testthat (>= 2.1.0),
vdiffr (>= 1.0.0), xml2",sp,MIT + file LICENSE,NA,NA,NA,NA,no,4.2.0
glue,/home/ken/R/x86_64-pc-linux-gnu-library/4.2,1.6.2,NA,R (>= 3.4),methods,NA,"covr, crayon, DBI, dplyr, forcats, ggplot2, knitr, magrittr,
microbenchmark, R.utils, rmarkdown, rprintf, RSQLite, stringr,
testthat (>= 3.0.0), vctrs (>= 0.3.0), waldo (>= 0.3.0), withr",NA,MIT + file LICENSE,NA,NA,NA,NA,yes,4.2.0
googledrive,/home/ken/R/x86_64-pc-linux-gnu-library/4.2,2.0.0,NA,R (>= 3.3),"cli (>= 3.0.0), gargle (>= 1.2.0), glue (>= 1.4.2), httr,
jsonlite, lifecycle, magrittr, pillar, purrr (>= 0.2.3), rlang
(>= 0.4.9), tibble (>= 2.0.0), utils, uuid, vctrs (>= 0.3.0),
withr",NA,"covr, curl, downlit, dplyr (>= 1.0.0), knitr, mockr,
rmarkdown, roxygen2, sodium, spelling, testthat (>= 3.0.0)",NA,MIT + file LICENSE,NA,NA,NA,NA,no,4.2.0
googlesheets4,/home/ken/R/x86_64-pc-linux-gnu-library/4.2,1.0.0,NA,R (>= 3.3),"cellranger, cli (>= 3.0.0), curl, gargle (>= 1.2.0), glue (>=
1.3.0), googledrive (>= 2.0.0), httr, ids, magrittr, methods,
purrr, rematch2, rlang (>= 0.4.11), tibble (>= 2.1.1), utils,
vctrs (>= 0.2.3)",NA,"covr, readr, rmarkdown, sodium, spelling, testthat (>=
3.0.0), withr",NA,MIT + file LICENSE,NA,NA,NA,NA,no,4.2.0
gtable,/home/ken/R/x86_64-pc-linux-gnu-library/4.2,0.3.0,NA,R (>= 3.0),grid,NA,"covr, testthat, knitr, rmarkdown, ggplot2, profvis",NA,GPL-2,NA,NA,NA,NA,no,4.2.0
haven,/home/ken/R/x86_64-pc-linux-gnu-library/4.2,2.5.0,NA,R (>= 3.4),"cli (>= 3.0.0), forcats (>= 0.2.0), hms, lifecycle, methods,
readr (>= 0.1.0), rlang (>= 0.4.0), tibble, tidyselect, vctrs
(>= 0.3.0)",cpp11,"covr, crayon, fs, knitr, pillar (>= 1.4.0), rmarkdown,
testthat (>= 3.0.0)",NA,MIT + file LICENSE,NA,NA,NA,NA,yes,4.2.0
highr,/home/ken/R/x86_64-pc-linux-gnu-library/4.2,0.9,NA,R (>= 3.2.3),xfun (>= 0.18),NA,"knitr, markdown, testit",NA,GPL,NA,NA,NA,NA,no,4.2.0
hms,/home/ken/R/x86_64-pc-linux-gnu-library/4.2,1.1.1,NA,NA,"ellipsis (>= 0.3.2), lifecycle, methods, pkgconfig, rlang,
vctrs (>= 0.3.8)",NA,"crayon, lubridate, pillar (>= 1.1.0), testthat (>= 3.0.0)",NA,MIT + file LICENSE,NA,NA,NA,NA,no,4.2.0
htmltools,/home/ken/R/x86_64-pc-linux-gnu-library/4.2,0.5.2,NA,R (>= 2.14.1),"utils, digest, grDevices, base64enc, rlang (>= 0.4.10),
fastmap",NA,"markdown, testthat, withr, Cairo, ragg, shiny",knitr,GPL (>= 2),NA,NA,NA,NA,yes,4.2.0
ids,/home/ken/R/x86_64-pc-linux-gnu-library/4.2,1.0.1,NA,NA,"openssl, uuid",NA,"knitr, rcorpora, rmarkdown, testthat",NA,MIT + file LICENSE,NA,NA,NA,NA,no,4.2.0
isoband,/home/ken/R/x86_64-pc-linux-gnu-library/4.2,0.2.5,NA,NA,"grid, utils",NA,"covr, ggplot2, knitr, magick, microbenchmark, rmarkdown, sf,
testthat, xml2",NA,MIT + file LICENSE,NA,NA,NA,NA,yes,4.2.0
jquerylib,/home/ken/R/x86_64-pc-linux-gnu-library/4.2,0.1.4,NA,NA,htmltools,NA,testthat,NA,MIT + file LICENSE,NA,NA,NA,NA,no,4.2.0
knitr,/home/ken/R/x86_64-pc-linux-gnu-library/4.2,1.39,NA,R (>= 3.3.0),"evaluate (>= 0.15), highr, methods, stringr (>= 0.6), yaml (>=
2.1.19), xfun (>= 0.29), tools",NA,"markdown, formatR, testit, digest, rgl (>= 0.95.1201),
codetools, rmarkdown, htmlwidgets (>= 0.7), webshot, tikzDevice
(>= 0.10), tinytex, reticulate (>= 1.4), JuliaCall (>= 0.11.1),
magick, png, jpeg, gifski, xml2 (>= 1.2.0), httr, DBI (>=
0.4-1), showtext, tibble, sass, bslib, ragg, styler (>= 1.2.0),
targets (>= 0.6.0)",NA,GPL,NA,NA,NA,NA,no,4.2.0
labeling,/home/ken/R/x86_64-pc-linux-gnu-library/4.2,0.4.2,NA,NA,"stats, graphics",NA,NA,NA,MIT + file LICENSE | Unlimited,NA,NA,NA,NA,no,4.2.0
lifecycle,/home/ken/R/x86_64-pc-linux-gnu-library/4.2,1.0.1,NA,R (>= 3.3),"glue, rlang (>= 0.4.10)",NA,"covr, crayon, lintr, tidyverse, knitr, rmarkdown, testthat
(>= 3.0.1), tools, tibble, vctrs",NA,MIT + file LICENSE,NA,NA,NA,NA,no,4.2.0
lubridate,/home/ken/R/x86_64-pc-linux-gnu-library/4.2,1.8.0,NA,"methods, R (>= 3.2)",generics,cpp11 (>= 0.2.7),"covr, knitr, testthat (>= 2.1.0), vctrs (>= 0.3.0), rmarkdown","chron, timeDate, tis, zoo",GPL (>= 2),NA,NA,NA,NA,yes,4.2.0
magrittr,/home/ken/R/x86_64-pc-linux-gnu-library/4.2,2.0.3,NA,R (>= 3.4.0),NA,NA,"covr, knitr, rlang, rmarkdown, testthat",NA,MIT + file LICENSE,NA,NA,NA,NA,yes,4.2.0
MASS,/home/ken/R/x86_64-pc-linux-gnu-library/4.2,7.3-57,recommended,"R (>= 3.3.0), grDevices, graphics, stats, utils",methods,NA,"lattice, nlme, nnet, survival",NA,GPL-2 | GPL-3,NA,NA,NA,NA,yes,4.2.0
Matrix,/home/ken/R/x86_64-pc-linux-gnu-library/4.2,1.4-1,recommended,R (>= 3.5.0),"methods, graphics, grid, stats, utils, lattice",NA,"expm, MASS","MatrixModels, graph, SparseM, sfsmisc, igraph, maptools, sp,
spdep",GPL (>= 2) | file LICENCE,NA,NA,NA,NA,yes,4.2.0
mgcv,/home/ken/R/x86_64-pc-linux-gnu-library/4.2,1.8-40,recommended,"R (>= 3.6.0), nlme (>= 3.1-64)","methods, stats, graphics, Matrix, splines, utils",NA,"parallel, survival, MASS",NA,GPL (>= 2),NA,NA,NA,NA,yes,4.2.0
mkac,/home/ken/R/x86_64-pc-linux-gnu-library/4.2,1.1,NA,NA,"ggplot2, stats, tibble, magrittr, dplyr, rlang",NA,forecast,NA,MIT + file LICENSE,NA,NA,NA,NA,no,4.2.0
modelr,/home/ken/R/x86_64-pc-linux-gnu-library/4.2,0.1.8,NA,R (>= 3.2),"broom, magrittr, purrr (>= 0.2.2), rlang (>= 0.2.0), tibble,
tidyr (>= 0.8.0), tidyselect, vctrs",NA,"compiler, covr, ggplot2, testthat",NA,GPL-3,NA,NA,NA,NA,no,4.2.0
munsell,/home/ken/R/x86_64-pc-linux-gnu-library/4.2,0.5.0,NA,NA,"colorspace, methods",NA,"ggplot2, testthat",NA,MIT + file LICENSE,NA,NA,NA,NA,no,4.2.0
numDeriv,/home/ken/R/x86_64-pc-linux-gnu-library/4.2,2016.8-1.1,NA,R (>= 2.11.1),NA,NA,NA,NA,GPL-2,NA,NA,NA,NA,no,4.2.0
pak,/home/ken/R/x86_64-pc-linux-gnu-library/4.2,0.3.0,NA,R (>= 3.2),"tools, utils",NA,"callr (>= 3.7.0), cli (>= 3.2.0), covr, curl (>= 4.3.2), desc
(>= 1.4.1), digest, distro, filelock (>= 1.0.2), gitcreds, glue
(>= 1.6.2), mockery, pingr, jsonlite (>= 1.8.0), pkgcache (>=
2.0.1), pkgdepends (>= 0.3.0), pkgsearch (>= 3.1.0),
prettyunits, processx (>= 3.5.2), ps (>= 1.6.0), rprojroot (>=
2.0.2), rstudioapi, testthat, withr",NA,GPL-3,NA,NA,NA,NA,no,4.2.0
palmerpenguins,/home/ken/R/x86_64-pc-linux-gnu-library/4.2,0.1.0,NA,R (>= 2.10),NA,NA,"knitr, rmarkdown, tibble, ggplot2, dplyr, tidyr, recipes",NA,CC0,NA,NA,NA,NA,no,4.2.0
pillar,/home/ken/R/x86_64-pc-linux-gnu-library/4.2,1.7.0,NA,NA,"cli (>= 2.3.0), crayon (>= 1.3.4), ellipsis (>= 0.3.2), fansi,
glue, lifecycle, rlang (>= 0.3.0), utf8 (>= 1.1.0), utils,
vctrs (>= 0.3.8)",NA,"bit64, debugme, DiagrammeR, dplyr, formattable, ggplot2,
knitr, lubridate, nanotime, nycflights13, palmerpenguins,
rmarkdown, scales, stringi, survival, testthat (>= 3.1.1),
tibble, units (>= 0.7.2), vdiffr, withr",NA,MIT + file LICENSE,NA,NA,NA,NA,no,4.2.0
pkgconfig,/home/ken/R/x86_64-pc-linux-gnu-library/4.2,2.0.3,NA,NA,utils,NA,"covr, testthat, disposables (>= 1.0.3)",NA,MIT + file LICENSE,NA,NA,NA,NA,no,4.2.0
plyr,/home/ken/R/x86_64-pc-linux-gnu-library/4.2,1.8.7,NA,R (>= 3.1.0),Rcpp (>= 0.11.0),Rcpp,"abind, covr, doParallel, foreach, iterators, itertools,
tcltk, testthat",NA,MIT + file LICENSE,NA,NA,NA,NA,yes,4.2.0
posterior,/home/ken/R/x86_64-pc-linux-gnu-library/4.2,1.2.1,NA,R (>= 3.2.0),"abind, checkmate, rlang (>= 0.4.7), stats, tibble (>= 3.0.0),
vctrs, tensorA, pillar, distributional, parallel, matrixStats",NA,"testthat (>= 2.1.0), caret (>= 6.0.84), gbm (>= 2.1.8),
randomForest (>= 4.6.14), e1071 (>= 1.7.3), dplyr, tidyr,
knitr, rmarkdown",NA,BSD_3_clause + file LICENSE,NA,NA,NA,NA,no,4.2.0
prettyunits,/home/ken/R/x86_64-pc-linux-gnu-library/4.2,1.1.1,NA,NA,NA,NA,"codetools, covr, testthat",NA,MIT + file LICENSE,NA,NA,NA,NA,no,4.2.0
processx,/home/ken/R/x86_64-pc-linux-gnu-library/4.2,3.5.3,NA,R (>= 3.4.0),"ps (>= 1.2.0), R6, utils",NA,"callr (>= 3.7.0), cli (>= 1.1.0), codetools, covr, curl,
debugme, parallel, testthat (>= 3.0.0), withr",NA,MIT + file LICENSE,NA,NA,NA,NA,yes,4.2.0
progress,/home/ken/R/x86_64-pc-linux-gnu-library/4.2,1.2.2,NA,NA,"hms, prettyunits, R6, crayon",NA,"Rcpp, testthat, withr",NA,MIT + file LICENSE,NA,NA,NA,NA,no,4.2.0
ps,/home/ken/R/x86_64-pc-linux-gnu-library/4.2,1.7.0,NA,R (>= 3.4),utils,NA,"callr, covr, curl, pingr, processx (>= 3.1.0), R6, rlang,
testthat (>= 3.0.0), tibble",NA,MIT + file LICENSE,NA,NA,NA,NA,yes,4.2.0
purrr,/home/ken/R/x86_64-pc-linux-gnu-library/4.2,0.3.4,NA,R (>= 3.2),"magrittr (>= 1.5), rlang (>= 0.3.1)",NA,"covr, crayon, dplyr (>= 0.7.8), knitr, rmarkdown, testthat,
tibble, tidyselect",NA,GPL-3 | file LICENSE,NA,NA,NA,NA,yes,4.2.0
R6,/home/ken/R/x86_64-pc-linux-gnu-library/4.2,2.5.1,NA,R (>= 3.0),NA,NA,"testthat, pryr",NA,MIT + file LICENSE,NA,NA,NA,NA,no,4.2.0
RColorBrewer,/home/ken/R/x86_64-pc-linux-gnu-library/4.2,1.1-3,NA,R (>= 2.0.0),NA,NA,NA,NA,Apache License 2.0,NA,NA,NA,NA,no,4.2.0
Rcpp,/home/ken/R/x86_64-pc-linux-gnu-library/4.2,1.0.8.3,NA,NA,"methods, utils",NA,"tinytest, inline, rbenchmark, pkgKitten (>= 0.1.2)",NA,GPL (>= 2),NA,NA,NA,NA,yes,4.2.0
readr,/home/ken/R/x86_64-pc-linux-gnu-library/4.2,2.1.2,NA,R (>= 3.1),"cli (>= 3.0.0), clipr, crayon, hms (>= 0.4.1), lifecycle (>=
0.2.0), methods, R6, rlang, tibble, utils, vroom (>= 1.5.6)","cpp11, tzdb (>= 0.1.1)","covr, curl, datasets, knitr, rmarkdown, spelling, stringi,
testthat (>= 3.1.2), tzdb (>= 0.1.1), waldo, withr, xml2",NA,MIT + file LICENSE,NA,NA,NA,NA,yes,4.2.0
readxl,/home/ken/R/x86_64-pc-linux-gnu-library/4.2,1.4.0,NA,R (>= 3.4),"cellranger, tibble (>= 2.0.1), utils","cpp11 (>= 0.4.0), progress","knitr, rmarkdown, testthat (>= 3.0.0)",NA,MIT + file LICENSE,NA,NA,NA,NA,yes,4.2.0
rematch,/home/ken/R/x86_64-pc-linux-gnu-library/4.2,1.0.1,NA,NA,NA,NA,"covr, testthat",NA,MIT + file LICENSE,NA,NA,NA,NA,no,4.2.0
rematch2,/home/ken/R/x86_64-pc-linux-gnu-library/4.2,2.1.2,NA,NA,tibble,NA,"covr, testthat",NA,MIT + file LICENSE,NA,NA,NA,NA,no,4.2.0
reprex,/home/ken/R/x86_64-pc-linux-gnu-library/4.2,2.0.1,NA,R (>= 3.3),"callr (>= 3.6.0), cli (>= 2.3.1), clipr (>= 0.4.0), fs, glue,
knitr (>= 1.23), rlang (>= 0.4.0), rmarkdown, rstudioapi,
utils, withr (>= 2.3.0)",NA,"covr, fortunes, miniUI, mockr, rprojroot, sessioninfo, shiny,
spelling, styler (>= 1.2.0), testthat (>= 3.0.2)",NA,MIT + file LICENSE,NA,NA,NA,NA,no,4.2.0
rlang,/home/ken/R/x86_64-pc-linux-gnu-library/4.2,1.0.2,NA,R (>= 3.4.0),utils,NA,"cli (>= 3.1.0), covr, crayon, fs, glue, knitr, magrittr,
methods, pillar, rmarkdown, stats, testthat (>= 3.0.0), tibble,
usethis, vctrs (>= 0.2.3), withr",winch,MIT + file LICENSE,NA,NA,NA,NA,yes,4.2.0
rmarkdown,/home/ken/R/x86_64-pc-linux-gnu-library/4.2,2.14,NA,R (>= 3.0),"bslib (>= 0.2.5.1), evaluate (>= 0.13), htmltools (>= 0.3.5),
jquerylib, jsonlite, knitr (>= 1.22), methods, stringr (>=
1.2.0), tinytex (>= 0.31), tools, utils, xfun (>= 0.30), yaml
(>= 2.1.19)",NA,"digest, dygraphs, fs, rsconnect, downlit (>= 0.4.0), katex
(>= 1.4.0), sass (>= 0.4.0), shiny (>= 1.6.0), testthat (>=
3.0.3), tibble, tufte, vctrs, withr (>= 2.4.2)",NA,GPL-3,NA,NA,NA,NA,no,4.2.0
rvest,/home/ken/R/x86_64-pc-linux-gnu-library/4.2,1.0.2,NA,R (>= 3.2),"httr (>= 0.5), lifecycle (>= 1.0.0), magrittr, rlang (>=
0.4.10), selectr, tibble, xml2 (>= 1.3)",NA,"covr, glue, knitr, readr, rmarkdown, repurrrsive, spelling,
stringi (>= 0.3.1), testthat (>= 3.0.2), webfakes",NA,MIT + file LICENSE,NA,NA,NA,NA,no,4.2.0
sass,/home/ken/R/x86_64-pc-linux-gnu-library/4.2,0.4.1,NA,NA,"fs, rlang (>= 0.4.10), htmltools (>= 0.5.1), R6, rappdirs",NA,"testthat, knitr, rmarkdown, withr, shiny, curl",NA,MIT + file LICENSE,NA,NA,NA,NA,yes,4.2.0
scales,/home/ken/R/x86_64-pc-linux-gnu-library/4.2,1.2.0,NA,R (>= 3.2),"farver (>= 2.0.3), labeling, lifecycle, munsell (>= 0.5), R6,
RColorBrewer, rlang (>= 1.0.0), viridisLite",NA,"bit64, covr, dichromat, ggplot2, hms (>= 0.5.0), stringi,
testthat (>= 3.0.0), waldo (>= 0.4.0)",NA,MIT + file LICENSE,NA,NA,NA,NA,no,4.2.0
selectr,/home/ken/R/x86_64-pc-linux-gnu-library/4.2,0.4-2,NA,R (>= 3.0),"methods, stringr, R6",NA,"testthat, XML, xml2",NA,BSD_3_clause + file LICENCE,NA,NA,NA,NA,no,4.2.0
smmr,/home/ken/R/x86_64-pc-linux-gnu-library/4.2,1.0.1,NA,NA,purrr,NA,NA,NA,GPL-2,NA,NA,NA,NA,no,4.2.0
stringi,/home/ken/R/x86_64-pc-linux-gnu-library/4.2,1.7.6,NA,R (>= 3.1),"tools, utils, stats",NA,NA,NA,file LICENSE,yes,NA,NA,NA,yes,4.2.0
stringr,/home/ken/R/x86_64-pc-linux-gnu-library/4.2,1.4.0,NA,R (>= 3.1),"glue (>= 1.2.0), magrittr, stringi (>= 1.1.7)",NA,"covr, htmltools, htmlwidgets, knitr, rmarkdown, testthat",NA,GPL-2 | file LICENSE,NA,NA,NA,NA,no,4.2.0
tensorA,/home/ken/R/x86_64-pc-linux-gnu-library/4.2,0.36.2,NA,"R (>= 2.2.0), stats",NA,NA,NA,NA,GPL (>= 2),NA,NA,NA,NA,yes,4.2.0
tibble,/home/ken/R/x86_64-pc-linux-gnu-library/4.2,3.1.7,NA,R (>= 3.1.0),"ellipsis (>= 0.3.2), fansi (>= 0.4.0), lifecycle (>= 1.0.0),
magrittr, methods, pillar (>= 1.7.0), pkgconfig, rlang (>=
1.0.1), utils, vctrs (>= 0.3.8)",NA,"bench, bit64, blob, brio, callr, cli, covr, crayon (>=
1.3.4), DiagrammeR, dplyr, evaluate, formattable, ggplot2, hms,
htmltools, knitr, lubridate, mockr, nycflights13, pkgbuild,
pkgload, purrr, rmarkdown, stringi, testthat (>= 3.0.2), tidyr,
withr",NA,MIT + file LICENSE,NA,NA,NA,NA,yes,4.2.0
tidyr,/home/ken/R/x86_64-pc-linux-gnu-library/4.2,1.2.0,NA,R (>= 3.1),"dplyr (>= 1.0.0), ellipsis (>= 0.1.0), glue, lifecycle,
magrittr, purrr, rlang, tibble (>= 2.1.1), tidyselect (>=
1.1.0), utils, vctrs (>= 0.3.7)",cpp11 (>= 0.4.0),"covr, data.table, jsonlite, knitr, readr, repurrrsive (>=
1.0.0), rmarkdown, testthat (>= 3.0.0)",NA,MIT + file LICENSE,NA,NA,NA,NA,yes,4.2.0
tidyselect,/home/ken/R/x86_64-pc-linux-gnu-library/4.2,1.1.2,NA,R (>= 3.2),"ellipsis, glue (>= 1.3.0), purrr (>= 0.3.2), rlang (>= 1.0.1),
vctrs (>= 0.3.0)",NA,"covr, crayon, dplyr, knitr, magrittr, rmarkdown, testthat (>=
3.1.1), tibble (>= 2.1.3), withr",NA,MIT + file LICENSE,NA,NA,NA,NA,yes,4.2.0
tidyverse,/home/ken/R/x86_64-pc-linux-gnu-library/4.2,1.3.1,NA,R (>= 3.3),"broom (>= 0.7.6), cli (>= 2.4.0), crayon (>= 1.4.1), dbplyr
(>= 2.1.1), dplyr (>= 1.0.5), dtplyr (>= 1.1.0), forcats (>=
0.5.1), googledrive (>= 1.0.1), googlesheets4 (>= 0.3.0),
ggplot2 (>= 3.3.3), haven (>= 2.3.1), hms (>= 1.0.0), httr (>=
1.4.2), jsonlite (>= 1.7.2), lubridate (>= 1.7.10), magrittr
(>= 2.0.1), modelr (>= 0.1.8), pillar (>= 1.6.0), purrr (>=
0.3.4), readr (>= 1.4.0), readxl (>= 1.3.1), reprex (>= 2.0.0),
rlang (>= 0.4.10), rstudioapi (>= 0.13), rvest (>= 1.0.0),
stringr (>= 1.4.0), tibble (>= 3.1.0), tidyr (>= 1.1.3), xml2
(>= 1.3.2)",NA,"covr, feather, glue, knitr, rmarkdown, testthat",NA,MIT + file LICENSE,NA,NA,NA,NA,no,4.2.0
tinytex,/home/ken/R/x86_64-pc-linux-gnu-library/4.2,0.39,NA,NA,xfun (>= 0.29),NA,"testit, rstudioapi",NA,MIT + file LICENSE,NA,NA,NA,NA,no,4.2.0
tzdb,/home/ken/R/x86_64-pc-linux-gnu-library/4.2,0.3.0,NA,R (>= 3.4.0),NA,cpp11 (>= 0.4.2),"covr, testthat (>= 3.0.0)",NA,MIT + file LICENSE,NA,NA,NA,NA,yes,4.2.0
utf8,/home/ken/R/x86_64-pc-linux-gnu-library/4.2,1.2.2,NA,R (>= 2.10),NA,NA,"cli, covr, knitr, rlang, rmarkdown, testthat (>= 3.0.0),
withr",NA,Apache License (== 2.0) | file LICENSE,NA,NA,NA,NA,yes,4.2.0
uuid,/home/ken/R/x86_64-pc-linux-gnu-library/4.2,1.1-0,NA,R (>= 2.9.0),NA,NA,NA,NA,MIT + file LICENSE,NA,NA,NA,NA,yes,4.2.0
vctrs,/home/ken/R/x86_64-pc-linux-gnu-library/4.2,0.4.1,NA,R (>= 3.3),"cli (>= 3.2.0), glue, rlang (>= 1.0.2)",NA,"bit64, covr, crayon, dplyr (>= 0.8.5), generics, knitr,
pillar (>= 1.4.4), pkgdown (>= 2.0.1), rmarkdown, testthat (>=
3.0.0), tibble (>= 3.1.3), withr, xml2, waldo (>= 0.2.0),
zeallot",NA,MIT + file LICENSE,NA,NA,NA,NA,yes,4.2.0
viridisLite,/home/ken/R/x86_64-pc-linux-gnu-library/4.2,0.4.0,NA,R (>= 2.10),NA,NA,"hexbin (>= 1.27.0), ggplot2 (>= 1.0.1), testthat, covr",NA,MIT + file LICENSE,NA,NA,NA,NA,no,4.2.0
vroom,/home/ken/R/x86_64-pc-linux-gnu-library/4.2,1.5.7,NA,R (>= 3.1),"bit64, crayon, cli, glue, hms, lifecycle, methods, rlang (>=
0.4.2), stats, tibble (>= 2.0.0), tzdb (>= 0.1.1), vctrs (>=
0.2.0), tidyselect, withr","progress (>= 1.2.1), cpp11 (>= 0.2.0), tzdb (>= 0.1.1)","archive, bench (>= 1.1.0), covr, curl, dplyr, forcats, fs,
ggplot2, knitr, patchwork, prettyunits, purrr, rmarkdown,
rstudioapi, scales, spelling, testthat (>= 2.1.0), tidyr,
utils, waldo, xml2",NA,MIT + file LICENSE,NA,NA,NA,NA,yes,4.2.0
withr,/home/ken/R/x86_64-pc-linux-gnu-library/4.2,2.5.0,NA,R (>= 3.2.0),"graphics, grDevices, stats",NA,"callr, covr, DBI, knitr, lattice, methods, rlang, rmarkdown
(>= 2.12), RSQLite, testthat (>= 3.0.0)",NA,MIT + file LICENSE,NA,NA,NA,NA,no,4.2.0
xfun,/home/ken/R/x86_64-pc-linux-gnu-library/4.2,0.31,NA,NA,"stats, tools",NA,"testit, parallel, codetools, rstudioapi, tinytex (>= 0.30),
mime, markdown, knitr, htmltools, remotes, pak, rhub, renv,
curl, jsonlite, rmarkdown",NA,MIT + file LICENSE,NA,NA,NA,NA,yes,4.2.0
xml2,/home/ken/R/x86_64-pc-linux-gnu-library/4.2,1.3.3,NA,R (>= 3.1.0),methods,NA,"covr, curl, httr, knitr, magrittr, mockery, rmarkdown,
testthat (>= 2.1.0)",NA,MIT + file LICENSE,NA,NA,NA,NA,yes,4.2.0
abind,/usr/lib/R/site-library,1.4-5,NA,R (>= 1.5.0),"methods, utils",NA,NA,NA,LGPL (>= 2),NA,NA,NA,NA,no,4.2.0
airports,/usr/lib/R/site-library,0.1.0,NA,R (>= 2.10),NA,NA,testthat,NA,GPL-3,NA,NA,NA,NA,no,4.2.0
arrow,/usr/lib/R/site-library,8.0.0,NA,R (>= 3.4),"assertthat, bit64 (>= 0.9-7), methods, purrr, R6, rlang,
stats, tidyselect (>= 1.0.0), utils, vctrs",cpp11 (>= 0.4.2),"DBI, dbplyr, decor, distro, dplyr, duckdb (>= 0.2.8), hms,
knitr, lubridate, pkgload, reticulate, rmarkdown, stringi,
stringr, testthat (>= 3.1.0), tibble, tzdb, withr",NA,Apache License (>= 2.0),NA,NA,NA,NA,yes,4.2.0
ash,/usr/lib/R/site-library,1.0-15,NA,NA,NA,NA,NA,NA,GPL (>= 2),NA,NA,NA,NA,yes,4.2.0
askpass,/usr/lib/R/site-library,1.1,NA,NA,sys (>= 2.1),NA,testthat,NA,MIT + file LICENSE,NA,NA,NA,NA,yes,4.2.0
assertthat,/usr/lib/R/site-library,0.2.1,NA,NA,tools,NA,"testthat, covr",NA,GPL-3,NA,NA,NA,NA,no,4.2.0
backports,/usr/lib/R/site-library,1.4.1,NA,R (>= 3.0.0),NA,NA,NA,NA,GPL-2 | GPL-3,NA,NA,NA,NA,yes,4.2.0
base64enc,/usr/lib/R/site-library,0.1-3,NA,R (>= 2.9.0),NA,NA,NA,png,GPL-2 | GPL-3,NA,NA,NA,NA,yes,4.0.0
bayesplot,/usr/lib/R/site-library,1.9.0,NA,R (>= 3.1.0),"dplyr (>= 0.8.0), ggplot2 (>= 3.0.0), ggridges, glue,
posterior, reshape2, rlang (>= 0.3.0), stats, tibble (>=
2.0.0), tidyselect, utils",NA,"ggfortify, gridExtra (>= 2.2.1), hexbin, knitr (>= 1.16), loo
(>= 2.0.0), RColorBrewer, rmarkdown (>= 1.0.0), rstan (>=
2.17.1), rstanarm (>= 2.17.4), rstantools (>= 1.5.0), scales,
shinystan (>= 2.3.0), survival, testthat (>= 2.0.0), vdiffr (>=
1.0.2)",NA,GPL (>= 3),NA,NA,NA,NA,no,4.2.0
BH,/usr/lib/R/site-library,1.78.0-0,NA,NA,NA,NA,NA,NA,BSL-1.0,NA,NA,NA,NA,no,4.2.0
bit,/usr/lib/R/site-library,4.0.4,NA,R (>= 2.9.2),NA,NA,"testthat (>= 0.11.0), roxygen2, knitr, rmarkdown,
microbenchmark, bit64 (>= 4.0.0), ff (>= 4.0.0)",NA,GPL-2 | GPL-3,NA,NA,NA,NA,yes,4.2.0
bit64,/usr/lib/R/site-library,4.0.5,NA,"R (>= 3.0.1), bit (>= 4.0.0), utils, methods, stats",NA,NA,NA,NA,GPL-2 | GPL-3,NA,NA,NA,NA,yes,4.2.0
bitops,/usr/lib/R/site-library,1.0-7,NA,NA,NA,NA,NA,NA,GPL (>= 2),NA,NA,NA,NA,yes,4.2.0
blob,/usr/lib/R/site-library,1.2.3,NA,NA,"methods, rlang, vctrs (>= 0.2.1)",NA,"covr, crayon, pillar (>= 1.2.1), testthat",NA,MIT + file LICENSE,NA,NA,NA,NA,no,4.2.0
boot,/usr/lib/R/site-library,1.3-28,recommended,"R (>= 3.0.0), graphics, stats",NA,NA,"MASS, survival",NA,Unlimited,NA,NA,NA,NA,no,4.2.0
bootstrap,/usr/lib/R/site-library,2019.6,NA,"stats, R (>= 2.10.0)",NA,NA,NA,NA,BSD_3_clause + file LICENSE,NA,NA,NA,NA,yes,4.2.0
brew,/usr/lib/R/site-library,1.0-7,NA,NA,NA,NA,testthat,NA,GPL-2,NA,NA,NA,NA,no,4.2.0
brio,/usr/lib/R/site-library,1.1.3,NA,NA,NA,NA,"covr, testthat (>= 2.1.0)",NA,MIT + file LICENSE,NA,NA,NA,NA,yes,4.2.0
broom,/usr/lib/R/site-library,1.0.0,NA,R (>= 3.1),"backports, dplyr (>= 1.0.0), ellipsis, generics (>= 0.0.2),
glue, methods, purrr, rlang, stringr, tibble (>= 3.0.0), tidyr
(>= 1.0.0), ggplot2",NA,"AER, AUC, bbmle, betareg, biglm, binGroup, boot, btergm (>=
1.10.6), car, caret, cluster, cmprsk, coda, covr, drc, e1071,
emmeans, epiR, ergm (>= 3.10.4), fixest (>= 0.9.0), gam (>=
1.15), gee, geepack, glmnet, glmnetUtils, gmm, Hmisc, irlba,
interp, joineRML, Kendall, knitr, ks, Lahman, lavaan, leaps,
lfe, lm.beta, lme4, lmodel2, lmtest (>= 0.9.38), lsmeans, maps,
maptools, margins, MASS, Matrix, mclust, mediation, metafor,
mfx, mgcv, mlogit, modeldata, modeltests, muhaz, multcomp,
network, nnet, orcutt (>= 2.2), ordinal, plm, poLCA, psych,
quantreg, rgeos, rmarkdown, robust, robustbase, rsample,
sandwich, sp, spdep (>= 1.1), spatialreg, speedglm, spelling,
survey, survival, systemfit, testthat (>= 2.1.0), tseries,
vars, zoo",NA,MIT + file LICENSE,NA,NA,NA,NA,no,4.2.0
bslib,/usr/lib/R/site-library,0.4.0,NA,R (>= 2.10),"grDevices, htmltools (>= 0.5.2), jsonlite, sass (>= 0.4.0),
jquerylib (>= 0.1.3), rlang, cachem, memoise",NA,"shiny (>= 1.6.0), rmarkdown (>= 2.7), thematic, knitr,
testthat, withr, rappdirs, curl, magrittr",NA,MIT + file LICENSE,NA,NA,NA,NA,no,4.2.0
BWStest,/usr/lib/R/site-library,0.2.2,NA,NA,"memoise, Rcpp (>= 0.12.3)",Rcpp,testthat,NA,LGPL-3,NA,NA,NA,NA,yes,4.2.0
ca,/usr/lib/R/site-library,0.71.1,NA,R (>= 3.0.0),NA,NA,"rgl (>= 0.64-10), vcd",NA,GPL,NA,NA,NA,NA,no,4.2.0
cachem,/usr/lib/R/site-library,1.0.6,NA,NA,"rlang, fastmap",NA,testthat,NA,MIT + file LICENSE,NA,NA,NA,NA,yes,4.2.0
callr,/usr/lib/R/site-library,3.7.1,NA,R (>= 3.4),"processx (>= 3.6.1), R6, utils",NA,"cli (>= 1.1.0), covr, mockery, ps, rprojroot, spelling,
testthat (>= 3.0.0), withr (>= 2.3.0)",NA,MIT + file LICENSE,NA,NA,NA,NA,no,4.2.0
car,/usr/lib/R/site-library,3.1-0,NA,"R (>= 3.5.0), carData (>= 3.0-0)","abind, MASS, mgcv, nnet, pbkrtest (>= 0.4-4), quantreg,
grDevices, utils, stats, graphics, maptools, lme4 (>=
1.1-27.1), nlme",NA,"alr4, boot, coxme, effects, knitr, leaps, lmtest, Matrix,
MatrixModels, rgl (>= 0.93.960), rio, sandwich, SparseM,
survival, survey",NA,GPL (>= 2),NA,NA,NA,NA,no,4.2.0
carData,/usr/lib/R/site-library,3.0-3,NA,R (>= 3.0),NA,NA,NA,NA,GPL (>= 2),NA,NA,NA,NA,no,4.0.0
cellranger,/usr/lib/R/site-library,1.1.0,NA,R (>= 3.0.0),"rematch, tibble",NA,"covr, testthat (>= 1.0.0), knitr, rmarkdown",NA,MIT + file LICENSE,NA,NA,NA,NA,no,4.0.0
checkmate,/usr/lib/R/site-library,2.1.0,NA,R (>= 3.0.0),"backports (>= 1.1.0), utils",NA,"R6, fastmatch, data.table (>= 1.9.8), devtools, ggplot2,
knitr, magrittr, microbenchmark, rmarkdown, testthat (>=
3.0.4), tinytest (>= 1.1.0), tibble",NA,BSD_3_clause + file LICENSE,NA,NA,NA,NA,yes,4.2.0
cherryblossom,/usr/lib/R/site-library,0.1.0,NA,R (>= 2.10),NA,NA,"ggplot2, testthat",NA,GPL-3,NA,NA,NA,NA,no,4.2.0
class,/usr/lib/R/site-library,7.3-20,recommended,"R (>= 3.0.0), stats, utils",MASS,NA,NA,NA,GPL-2 | GPL-3,NA,NA,NA,NA,yes,4.2.0
classInt,/usr/lib/R/site-library,0.4-7,NA,R (>= 2.2),"grDevices, stats, graphics, e1071, class, KernSmooth",NA,"spData (>= 0.2.6.2), units, knitr, rmarkdown",NA,GPL (>= 2),NA,NA,NA,NA,yes,4.2.0
cli,/usr/lib/R/site-library,3.3.0,NA,R (>= 3.4),"glue (>= 1.6.0), utils",NA,"asciicast, callr, covr, digest, grDevices, htmltools,
htmlwidgets, knitr, methods, mockery, processx, ps (>=
1.3.4.9000), rlang, rmarkdown, rstudioapi, shiny, testthat,
tibble, whoami, withr",NA,MIT + file LICENSE,NA,NA,NA,NA,yes,4.2.0
clipr,/usr/lib/R/site-library,0.8.0,NA,NA,utils,NA,"covr, knitr, rmarkdown, rstudioapi (>= 0.5), testthat (>=
2.0.0)",NA,GPL-3,NA,NA,NA,NA,no,4.2.0
cluster,/usr/lib/R/site-library,2.1.3,recommended,R (>= 3.5.0),"graphics, grDevices, stats, utils",NA,"MASS, Matrix",NA,GPL (>= 2),NA,NA,NA,NA,yes,4.2.0
cluster.datasets,/usr/lib/R/site-library,1.0-1,NA,R (>= 2.0.1),NA,NA,NA,NA,GPL (>= 2),NA,NA,NA,NA,no,4.2.0
codetools,/usr/lib/R/site-library,0.2-18,recommended,R (>= 2.1),NA,NA,NA,NA,GPL,NA,NA,NA,NA,no,4.2.0
colorspace,/usr/lib/R/site-library,2.0-3,NA,"R (>= 3.0.0), methods","graphics, grDevices, stats",NA,"datasets, utils, KernSmooth, MASS, kernlab, mvtnorm, vcd,
tcltk, shiny, shinyjs, ggplot2, dplyr, scales, grid, png, jpeg,
knitr, rmarkdown, RColorBrewer, rcartocolor, scico, viridis,
wesanderson",NA,BSD_3_clause + file LICENSE,NA,NA,NA,NA,yes,4.2.0
commonmark,/usr/lib/R/site-library,1.8.0,NA,NA,NA,NA,"curl, testthat, xml2",NA,BSD_2_clause + file LICENSE,NA,NA,NA,NA,yes,4.2.0
conflicted,/usr/lib/R/site-library,1.1.0,NA,R (>= 3.2),"memoise, rlang (>= 0.3.4)",NA,"callr, crayon, dplyr, Matrix, methods, pkgload, testthat (>=
3.0.0)",NA,MIT + file LICENSE,NA,NA,NA,NA,no,4.2.0
corrplot,/usr/lib/R/site-library,0.92,NA,NA,NA,NA,"seriation, knitr, RColorBrewer, rmarkdown, magrittr,
prettydoc, testthat",NA,MIT + file LICENSE,NA,NA,NA,NA,no,4.2.0
cowplot,/usr/lib/R/site-library,1.1.1,NA,R (>= 3.5.0),"ggplot2 (> 2.2.1), grid, gtable, grDevices, methods, rlang,
scales",NA,"Cairo, covr, dplyr, forcats, gridGraphics (>= 0.4-0), knitr,
lattice, magick, maps, PASWR, patchwork, rmarkdown, ragg,
testthat (>= 1.0.0), tidyr, vdiffr (>= 0.3.0), VennDiagram",NA,GPL-2,NA,NA,NA,NA,no,4.2.0
cpp11,/usr/lib/R/site-library,0.4.2,NA,NA,NA,NA,"bench, brio, callr, cli, covr, decor, desc, ggplot2, glue,
knitr, lobstr, mockery, progress, rmarkdown, scales, Rcpp,
testthat, tibble, utils, vctrs, withr",NA,MIT + file LICENSE,NA,NA,NA,NA,no,4.2.0
crayon,/usr/lib/R/site-library,1.5.1,NA,NA,"grDevices, methods, utils",NA,"mockery, rstudioapi, testthat, withr",NA,MIT + file LICENSE,NA,NA,NA,NA,no,4.2.0
credentials,/usr/lib/R/site-library,1.3.2,NA,NA,"openssl (>= 1.3), sys (>= 2.1), curl, jsonlite, askpass",NA,"testthat, knitr, rmarkdown",NA,MIT + file LICENSE,NA,NA,NA,NA,no,4.2.0
crosstalk,/usr/lib/R/site-library,1.2.0,NA,NA,"htmltools (>= 0.3.6), jsonlite, lazyeval, R6",NA,"shiny, ggplot2, testthat (>= 2.1.0), sass, bslib",NA,MIT + file LICENSE,NA,NA,NA,NA,no,4.2.0
curl,/usr/lib/R/site-library,4.3.2,NA,R (>= 3.0.0),NA,NA,"spelling, testthat (>= 1.0.0), knitr, jsonlite, rmarkdown,
magrittr, httpuv (>= 1.4.4), webutils",NA,MIT + file LICENSE,NA,NA,NA,NA,yes,4.2.0
data.table,/usr/lib/R/site-library,1.14.2,NA,R (>= 3.1.0),methods,NA,"bit64 (>= 4.0.0), bit (>= 4.0.4), curl, R.utils, xts,
nanotime, zoo (>= 1.8-1), yaml, knitr, rmarkdown",NA,MPL-2.0 | file LICENSE,NA,NA,NA,NA,yes,4.2.0
datasets.load,/usr/lib/R/site-library,2.1.0,NA,R (>= 3.0.0),"shiny, miniUI, DT",NA,"testthat (>= 3.0.0), covr",NA,GPL-3,NA,NA,NA,NA,no,4.2.0
DBI,/usr/lib/R/site-library,1.1.3,NA,"methods, R (>= 3.0.0)",NA,NA,"blob, covr, DBItest, dbplyr, downlit, dplyr, glue, hms,
knitr, magrittr, RMariaDB, rmarkdown, rprojroot, RSQLite (>=
1.1-2), testthat, xml2",NA,LGPL (>= 2.1),NA,NA,NA,NA,no,4.2.0
dbplyr,/usr/lib/R/site-library,2.2.1,NA,R (>= 3.1),"assertthat (>= 0.2.0), blob (>= 1.2.0), cli (>= 3.3.0), DBI
(>= 1.0.0), dplyr (>= 1.0.9), glue (>= 1.2.0), lifecycle (>=
1.0.0), magrittr, methods, pillar (>= 1.5.0), purrr (>= 0.2.5),
R6 (>= 2.2.2), rlang (>= 1.0.0), tibble (>= 1.4.2), tidyselect
(>= 0.2.4), utils, vctrs (>= 0.4.1), withr",NA,"bit64, covr, knitr, Lahman, nycflights13, odbc, RMariaDB (>=
1.0.2), rmarkdown, RPostgres (>= 1.1.3), RPostgreSQL, RSQLite
(>= 2.1.0), testthat (>= 3.0.2), tidyr (>= 1.2.0)",NA,MIT + file LICENSE,NA,NA,NA,NA,no,4.2.0
deldir,/usr/lib/R/site-library,1.0-6,NA,R (>= 3.5.0),"graphics, grDevices",NA,polyclip,NA,GPL (>= 2),NA,NA,NA,NA,yes,4.2.0
DEoptimR,/usr/lib/R/site-library,1.0-11,NA,NA,stats,NA,NA,robustbase,GPL (>= 2),NA,NA,NA,NA,no,4.2.0
desc,/usr/lib/R/site-library,1.4.1,NA,R (>= 3.4),"cli, R6, rprojroot, utils",NA,"callr, covr, gh, spelling, testthat, whoami, withr",NA,MIT + file LICENSE,NA,NA,NA,NA,no,4.2.0
deSolve,/usr/lib/R/site-library,1.33,NA,R (>= 3.3.0),"methods, graphics, grDevices, stats",NA,"scatterplot3d, FME",NA,GPL (>= 2),NA,NA,NA,NA,yes,4.2.0
devtools,/usr/lib/R/site-library,2.4.3,NA,"R (>= 3.0.2), usethis (>= 2.0.1)","callr (>= 3.6.0), cli (>= 3.0.0), desc (>= 1.3.0), ellipsis
(>= 0.3.1), fs (>= 1.5.0), httr (>= 1.4.2), lifecycle (>=
1.0.0), memoise (>= 2.0.0), pkgbuild (>= 1.2.0), pkgload (>=
1.2.1), rcmdcheck (>= 1.3.3), remotes (>= 2.3.0), rlang (>=
0.4.10), roxygen2 (>= 7.1.1), rstudioapi (>= 0.13), rversions
(>= 2.0.2), sessioninfo (>= 1.1.1), stats, testthat (>= 3.0.2),
tools, utils, withr (>= 2.4.1)",NA,"BiocManager (>= 1.30.12), covr (>= 3.5.1), curl (>= 4.3),
digest (>= 0.6.27), DT (>= 0.17), foghorn (>= 1.3.2), gh (>=
1.2.1), gmailr (>= 1.0.0), knitr (>= 1.31), lintr (>= 2.0.1),
MASS, mockery (>= 0.4.2), pingr (>= 2.0.1), pkgdown (>= 1.6.1),
rhub (>= 1.1.1), rmarkdown (>= 2.7), spelling (>= 2.2)",NA,MIT + file LICENSE,NA,NA,NA,NA,no,4.2.0
dichromat,/usr/lib/R/site-library,2.0-0.1,NA,"R (>= 2.10), stats",NA,NA,NA,NA,GPL-2,NA,NA,NA,NA,no,4.2.0
diffobj,/usr/lib/R/site-library,0.3.5,NA,R (>= 3.1.0),"crayon (>= 1.3.2), tools, methods, utils, stats",NA,"knitr, rmarkdown",NA,GPL-2 | GPL-3,NA,NA,NA,NA,yes,4.2.0
digest,/usr/lib/R/site-library,0.6.29,NA,R (>= 3.3.0),utils,NA,"tinytest, simplermarkdown",NA,GPL (>= 2),NA,NA,NA,NA,yes,4.2.0
distributional,/usr/lib/R/site-library,0.3.0,NA,NA,"vctrs (>= 0.3.0), rlang (>= 0.4.5), generics, ellipsis, stats,
numDeriv, ggplot2, scales, farver, digest, utils, lifecycle",NA,"testthat (>= 2.1.0), covr, mvtnorm, actuar (>= 2.0.0), ggdist",NA,GPL-3,NA,NA,NA,NA,no,4.2.0
dplyr,/usr/lib/R/site-library,1.0.9,NA,R (>= 3.4.0),"generics, glue (>= 1.3.2), lifecycle (>= 1.0.1), magrittr (>=
1.5), methods, R6, rlang (>= 1.0.2), tibble (>= 2.1.3),
tidyselect (>= 1.1.1), utils, vctrs (>= 0.4.1), pillar (>=
1.5.1)",NA,"bench, broom, callr, covr, DBI, dbplyr (>= 1.4.3), ggplot2,
knitr, Lahman, lobstr, microbenchmark, nycflights13, purrr,
rmarkdown, RMySQL, RPostgreSQL, RSQLite, testthat (>= 3.1.1),
tidyr, withr",NA,MIT + file LICENSE,NA,NA,NA,NA,yes,4.2.0
drc,/usr/lib/R/site-library,3.0-1,NA,"R (>= 2.0.0), MASS, stats","car, gtools, multcomp, plotrix, scales",NA,NA,NA,GPL-2 | file LICENCE,NA,NA,NA,NA,no,4.2.0
DT,/usr/lib/R/site-library,0.23,NA,NA,"htmltools (>= 0.3.6), htmlwidgets (>= 1.3), jsonlite (>=
0.9.16), magrittr, crosstalk, jquerylib, promises",NA,"knitr (>= 1.8), rmarkdown, shiny (>= 1.6), bslib, testit",NA,GPL-3 | file LICENSE,NA,NA,NA,NA,no,4.2.0
dtplyr,/usr/lib/R/site-library,1.2.1,NA,R (>= 3.3),"crayon, data.table (>= 1.13.0), dplyr (>= 1.0.3), ellipsis,
glue, lifecycle, rlang, tibble, tidyselect, vctrs",NA,"bench, covr, knitr, rmarkdown, testthat (>= 3.0.0), tidyr (>=
1.1.0)",NA,MIT + file LICENSE,NA,NA,NA,NA,no,4.2.0
e1071,/usr/lib/R/site-library,1.7-11,NA,NA,"graphics, grDevices, class, stats, methods, utils, proxy",NA,"cluster, mlbench, nnet, randomForest, rpart, SparseM, xtable,
Matrix, MASS, slam",NA,GPL-2 | GPL-3,NA,NA,NA,NA,yes,4.2.0
ellipsis,/usr/lib/R/site-library,0.3.2,NA,R (>= 3.2),rlang (>= 0.3.0),NA,"covr, testthat",NA,MIT + file LICENSE,NA,NA,NA,NA,yes,4.2.0
evaluate,/usr/lib/R/site-library,0.15,NA,R (>= 3.0.2),methods,NA,"covr, ggplot2, lattice, testthat",NA,MIT + file LICENSE,NA,NA,NA,NA,no,4.2.0
fansi,/usr/lib/R/site-library,1.0.3,NA,R (>= 3.1.0),"grDevices, utils",NA,"unitizer, knitr, rmarkdown",NA,GPL-2 | GPL-3,NA,NA,NA,NA,yes,4.2.0
faraway,/usr/lib/R/site-library,1.0.7,NA,R (>= 2.10),"lme4,nlme,methods",NA,NA,NA,GPL,NA,NA,NA,NA,no,4.2.0
farver,/usr/lib/R/site-library,2.1.1,NA,NA,NA,NA,"covr, testthat (>= 3.0.0)",NA,MIT + file LICENSE,NA,NA,NA,NA,yes,4.2.0
fastmap,/usr/lib/R/site-library,1.1.0,NA,NA,NA,NA,testthat (>= 2.1.1),NA,MIT + file LICENSE,NA,NA,NA,NA,yes,4.2.0
fda,/usr/lib/R/site-library,6.0.5,NA,"R (>= 3.5), splines, fds, deSolve",NA,NA,"rmarkdown, knitr, lattice",NA,GPL (>= 2),NA,NA,NA,NA,no,4.2.0
fds,/usr/lib/R/site-library,1.8,NA,"R (>= 3.4.0), rainbow, RCurl",NA,NA,NA,NA,GPL (>= 2),NA,NA,NA,NA,no,4.2.0
FNN,/usr/lib/R/site-library,1.1.3.1,NA,R (>= 3.0.0),NA,NA,"chemometrics, mvtnorm",NA,GPL (>= 2),NA,NA,NA,NA,yes,4.2.0
fontawesome,/usr/lib/R/site-library,0.3.0,NA,R (>= 3.3.0),"rlang (>= 0.4.10), htmltools (>= 0.5.1.1)",NA,"covr, dplyr (>= 1.0.8), knitr (>= 1.31), testthat (>= 3.0.0),
rsvg",NA,MIT + file LICENSE,NA,NA,NA,NA,no,4.2.0
forcats,/usr/lib/R/site-library,0.5.1,NA,R (>= 3.2),"ellipsis, magrittr, rlang, tibble",NA,"covr, dplyr, ggplot2, knitr, readr, rmarkdown, testthat",NA,MIT + file LICENSE,NA,NA,NA,NA,no,4.2.0
forecast,/usr/lib/R/site-library,8.17.0,NA,"R (>= 3.0.2),","colorspace, fracdiff, generics (>= 0.1.2), ggplot2 (>= 2.2.1),
graphics, lmtest, magrittr, nnet, parallel, Rcpp (>= 0.11.0),
stats, timeDate, tseries, urca, zoo","Rcpp (>= 0.11.0), RcppArmadillo (>= 0.2.35)","forecTheta, knitr, methods, rmarkdown, rticles, seasonal,
testthat, uroot",NA,GPL-3,NA,NA,NA,NA,yes,4.2.0
foreign,/usr/lib/R/site-library,0.8-82,recommended,R (>= 4.0.0),"methods, utils, stats",NA,NA,NA,GPL (>= 2),NA,NA,NA,NA,yes,4.2.0
fracdiff,/usr/lib/R/site-library,1.5-1,NA,NA,stats,NA,"longmemo, forecast, urca",NA,GPL (>= 2),NA,NA,NA,NA,yes,4.2.0
fs,/usr/lib/R/site-library,1.5.2,NA,R (>= 3.1),methods,NA,"testthat, covr, pillar (>= 1.0.0), tibble (>= 1.1.0), crayon,
rmarkdown, knitr, withr, spelling, vctrs (>= 0.3.0)",NA,MIT + file LICENSE,NA,NA,NA,NA,yes,4.2.0
gargle,/usr/lib/R/site-library,1.2.0,NA,R (>= 3.3),"cli (>= 3.0.0), fs (>= 1.3.1), glue (>= 1.3.0), httr (>=
1.4.0), jsonlite, rappdirs, rlang (>= 0.4.9), rstudioapi,
stats, utils, withr",NA,"aws.ec2metadata, aws.signature, covr, httpuv, knitr, mockr,
rmarkdown, sodium, spelling, testthat (>= 3.0.0)",NA,MIT + file LICENSE,NA,NA,NA,NA,no,4.2.0
generics,/usr/lib/R/site-library,0.1.3,NA,R (>= 3.2),methods,NA,"covr, pkgload, testthat (>= 3.0.0), tibble, withr",NA,MIT + file LICENSE,NA,NA,NA,NA,no,4.2.0
gert,/usr/lib/R/site-library,1.6.0,NA,NA,"askpass, credentials (>= 1.2.1), openssl (>= 1.4.1),
rstudioapi (>= 0.11), sys, zip (>= 2.1.0)",NA,"spelling, knitr, rmarkdown, testthat",NA,MIT + file LICENSE,NA,NA,NA,NA,yes,4.2.0
ggfortify,/usr/lib/R/site-library,0.4.14,NA,"methods, ggplot2 (>= 2.0.0)","dplyr (>= 0.3), tidyr, gridExtra, grid, scales, stringr,
tibble",NA,"testthat, cluster, changepoint, dlm, fGarch, forecast,
ggrepel, glmnet, grDevices, KFAS, knitr, lintr, mapdata,
markdown, MASS, MSwM, nlme, raster, ROCR, sp, stats,
strucchange, survival, timeSeries, tseries, utils, vars, xts,
zoo, lfda",NA,MIT + file LICENSE,NA,NA,NA,NA,no,4.2.0
ggplot2,/usr/lib/R/site-library,3.3.6,NA,R (>= 3.3),"digest, glue, grDevices, grid, gtable (>= 0.1.1), isoband,
MASS, mgcv, rlang (>= 0.4.10), scales (>= 0.5.0), stats,
tibble, withr (>= 2.0.0)",NA,"covr, ragg, dplyr, ggplot2movies, hexbin, Hmisc, interp,
knitr, lattice, mapproj, maps, maptools, multcomp, munsell,
nlme, profvis, quantreg, RColorBrewer, rgeos, rmarkdown, rpart,
sf (>= 0.7-3), svglite (>= 1.2.0.9001), testthat (>= 2.1.0),
vdiffr (>= 1.0.0), xml2",sp,MIT + file LICENSE,NA,NA,NA,NA,no,4.2.0
ggpubr,/usr/lib/R/site-library,0.4.0,NA,"R (>= 3.1.0), ggplot2","ggrepel, grid, ggsci, stats, utils, tidyr, purrr, dplyr (>=
0.7.1), cowplot, ggsignif, scales, gridExtra, glue, polynom,
rlang, rstatix (>= 0.6.0), tibble, magrittr",NA,"grDevices, knitr, RColorBrewer, gtable",NA,GPL-2,NA,NA,NA,NA,no,4.2.0
ggrepel,/usr/lib/R/site-library,0.9.1,NA,"R (>= 3.0.0), ggplot2 (>= 2.2.0)","grid, Rcpp, rlang (>= 0.3.0), scales (>= 0.5.0)",Rcpp,"knitr, rmarkdown, testthat, gridExtra, devtools, prettydoc,
ggbeeswarm, dplyr, magrittr, readr, stringr",NA,GPL-3 | file LICENSE,NA,NA,NA,NA,yes,4.2.0
ggridges,/usr/lib/R/site-library,0.5.3,NA,R (>= 3.2),"ggplot2 (>= 3.0.0), grid (>= 3.0.0), plyr (>= 1.8.0), scales
(>= 0.4.1), withr (>= 2.1.1)",NA,"covr, dplyr, patchwork, ggplot2movies, forcats, knitr,
rmarkdown, testthat, vdiffr",NA,GPL-2 | file LICENSE,NA,NA,NA,NA,no,4.2.0
ggsci,/usr/lib/R/site-library,2.9,NA,R (>= 3.0.2),"grDevices, scales, ggplot2 (>= 2.0.0)",NA,"knitr, rmarkdown, gridExtra, reshape2",NA,GPL-3 | file LICENSE,NA,NA,NA,NA,no,4.0.0
ggsignif,/usr/lib/R/site-library,0.6.3,NA,NA,ggplot2 (>= 3.3.5),NA,"knitr, rmarkdown, spelling, testthat, vdiffr (>= 1.0.2)",NA,GPL-3 | file LICENSE,NA,NA,NA,NA,no,4.2.0
ggtext,/usr/lib/R/site-library,0.1.1,NA,R (>= 3.5),"ggplot2 (>= 3.3.0), grid, gridtext, rlang, scales",NA,"cowplot, dplyr, glue, knitr, rmarkdown, testthat, vdiffr",NA,GPL-2,NA,NA,NA,NA,no,4.2.0
gh,/usr/lib/R/site-library,1.3.0,NA,NA,"cli (>= 2.0.1), gitcreds, httr (>= 1.2), ini, jsonlite",NA,"covr, knitr, mockery, rmarkdown, rprojroot, spelling,
testthat (>= 2.3.2), withr",NA,MIT + file LICENSE,NA,NA,NA,NA,no,4.2.0
gitcreds,/usr/lib/R/site-library,0.1.1,NA,NA,NA,NA,"codetools, testthat, knitr, mockery, oskeyring, rmarkdown,
withr",NA,MIT + file LICENSE,NA,NA,NA,NA,no,4.2.0
gld,/usr/lib/R/site-library,2.6.5,NA,NA,"stats, graphics, e1071, lmom",NA,,NA,GPL (>= 2),NA,NA,NA,NA,yes,4.2.0
glue,/usr/lib/R/site-library,1.6.2,NA,R (>= 3.4),methods,NA,"covr, crayon, DBI, dplyr, forcats, ggplot2, knitr, magrittr,
microbenchmark, R.utils, rmarkdown, rprintf, RSQLite, stringr,
testthat (>= 3.0.0), vctrs (>= 0.3.0), waldo (>= 0.3.0), withr",NA,MIT + file LICENSE,NA,NA,NA,NA,yes,4.2.0
gmp,/usr/lib/R/site-library,0.6-5,NA,R (>= 3.5.0),methods,NA,"Rmpfr, MASS, round",NA,GPL (>= 2),NA,NA,NA,NA,yes,4.2.0
goftest,/usr/lib/R/site-library,1.2-3,NA,R (>= 3.3),stats,NA,NA,NA,GPL (>= 2),NA,NA,NA,NA,yes,4.2.0
googledrive,/usr/lib/R/site-library,2.0.0,NA,R (>= 3.3),"cli (>= 3.0.0), gargle (>= 1.2.0), glue (>= 1.4.2), httr,
jsonlite, lifecycle, magrittr, pillar, purrr (>= 0.2.3), rlang
(>= 0.4.9), tibble (>= 2.0.0), utils, uuid, vctrs (>= 0.3.0),
withr",NA,"covr, curl, downlit, dplyr (>= 1.0.0), knitr, mockr,
rmarkdown, roxygen2, sodium, spelling, testthat (>= 3.0.0)",NA,MIT + file LICENSE,NA,NA,NA,NA,no,4.2.0
googlesheets4,/usr/lib/R/site-library,1.0.0,NA,R (>= 3.3),"cellranger, cli (>= 3.0.0), curl, gargle (>= 1.2.0), glue (>=
1.3.0), googledrive (>= 2.0.0), httr, ids, magrittr, methods,
purrr, rematch2, rlang (>= 0.4.11), tibble (>= 2.1.1), utils,
vctrs (>= 0.2.3)",NA,"covr, readr, rmarkdown, sodium, spelling, testthat (>=
3.0.0), withr",NA,MIT + file LICENSE,NA,NA,NA,NA,no,4.2.0
gridExtra,/usr/lib/R/site-library,2.3,NA,NA,"gtable, grid, grDevices, graphics, utils",NA,"ggplot2, egg, lattice, knitr, testthat",NA,GPL (>= 2),NA,NA,NA,NA,no,4.0.0
gridtext,/usr/lib/R/site-library,0.1.4,NA,R (>= 3.5),"grid, grDevices, markdown, rlang, Rcpp, RCurl, png, jpeg,
stringr, xml2",Rcpp,"covr, knitr, rmarkdown, testthat, vdiffr",NA,MIT + file LICENSE,NA,NA,NA,NA,yes,4.2.0
gtable,/usr/lib/R/site-library,0.3.0,NA,R (>= 3.0),grid,NA,"covr, testthat, knitr, rmarkdown, ggplot2, profvis",NA,GPL-2,NA,NA,NA,NA,no,4.0.0
gtools,/usr/lib/R/site-library,3.9.3,NA,"methods, stats, utils",NA,NA,"car, gplots, knitr, rstudioapi, SGP, taxize",NA,GPL-2,NA,NA,NA,NA,yes,4.2.0
haven,/usr/lib/R/site-library,2.5.0,NA,R (>= 3.4),"cli (>= 3.0.0), forcats (>= 0.2.0), hms, lifecycle, methods,
readr (>= 0.1.0), rlang (>= 0.4.0), tibble, tidyselect, vctrs
(>= 0.3.0)",cpp11,"covr, crayon, fs, knitr, pillar (>= 1.4.0), rmarkdown,
testthat (>= 3.0.0)",NA,MIT + file LICENSE,NA,NA,NA,NA,yes,4.2.0
hdrcde,/usr/lib/R/site-library,3.4,NA,R (>= 2.15),"locfit, ash, ks, KernSmooth, ggplot2, RColorBrewer",NA,NA,NA,GPL-3,NA,NA,NA,NA,yes,4.2.0
highr,/usr/lib/R/site-library,0.9,NA,R (>= 3.2.3),xfun (>= 0.18),NA,"knitr, markdown, testit",NA,GPL,NA,NA,NA,NA,no,4.2.0
HistData,/usr/lib/R/site-library,0.8-7,NA,R (>= 3.5.0),NA,NA,"gtools, KernSmooth, maps, ggplot2, scales, proto, grid,
reshape, plyr, lattice, jpeg, car, gplots, sp, heplots, knitr,
rmarkdown, effects, lubridate, gridExtra, vcd, MASS",NA,GPL,NA,NA,NA,NA,no,4.2.0
hms,/usr/lib/R/site-library,1.1.1,NA,NA,"ellipsis (>= 0.3.2), lifecycle, methods, pkgconfig, rlang,
vctrs (>= 0.3.8)",NA,"crayon, lubridate, pillar (>= 1.1.0), testthat (>= 3.0.0)",NA,MIT + file LICENSE,NA,NA,NA,NA,no,4.2.0
htmltools,/usr/lib/R/site-library,0.5.3,NA,R (>= 2.14.1),"utils, digest, grDevices, base64enc, rlang (>= 0.4.10),
fastmap (>= 1.1.0)",NA,"markdown, testthat, withr, Cairo, ragg, shiny",knitr,GPL (>= 2),NA,NA,NA,NA,yes,4.2.0
htmlwidgets,/usr/lib/R/site-library,1.5.4,NA,NA,"grDevices, htmltools (>= 0.3), jsonlite (>= 0.9.16), yaml",NA,"knitr (>= 1.8), rmarkdown, testthat",shiny (>= 1.1),MIT + file LICENSE,NA,NA,NA,NA,no,4.2.0
httpuv,/usr/lib/R/site-library,1.6.5,NA,R (>= 2.15.1),"Rcpp (>= 1.0.7), utils, R6, promises, later (>= 0.8.0)","Rcpp, later","testthat, callr, curl, websocket",NA,GPL (>= 2) | file LICENSE,NA,NA,NA,NA,yes,4.2.0
httr,/usr/lib/R/site-library,1.4.3,NA,R (>= 3.2),"curl (>= 3.0.0), jsonlite, mime, openssl (>= 0.8), R6",NA,"covr, httpuv, jpeg, knitr, png, readr, rmarkdown, testthat
(>= 0.8.0), xml2",NA,MIT + file LICENSE,NA,NA,NA,NA,no,4.2.0
ids,/usr/lib/R/site-library,1.0.1,NA,NA,"openssl, uuid",NA,"knitr, rcorpora, rmarkdown, testthat",NA,MIT + file LICENSE,NA,NA,NA,NA,no,4.2.0
ini,/usr/lib/R/site-library,0.3.1,NA,NA,NA,NA,testthat,NA,GPL-3,NA,NA,NA,NA,no,4.2.0
inline,/usr/lib/R/site-library,0.3.19,NA,NA,methods,NA,"Rcpp (>= 0.11.0), tinytest",NA,LGPL,NA,NA,NA,NA,no,4.2.0
insight,/usr/lib/R/site-library,0.18.0,NA,R (>= 3.5),"methods, stats, utils",NA,"AER, afex, aod, BayesFactor, bayestestR, bbmle, bdsmatrix,
betareg, bife, biglm, blavaan, blme, boot, brms, censReg, cgam,
clubSandwich, coxme, cplm, crch, datawizard, effectsize,
emmeans, epiR, estimatr, feisr, fixest, fungible, gam, gamlss,
gamm4, gbm, gee, geepack, GLMMadaptive, glmmTMB, gmnl, gt,
httr, ivreg, JM, knitr, lavaan, lfe, lme4, lmerTest, lmtest,
logistf, MASS, marginaleffects, Matrix, mclust, MCMCglmm,
merTools, metaBMA, mgcv, mice, mlogit, mhurdle, multgee, nlme,
nnet, nonnest2, ordinal, panelr, parameters, parsnip, pbkrtest,
performance, plm, poorman, pscl, psych, quantreg, rmarkdown,
rms, robustbase, robustlmm, rstanarm (>= 2.21.1), rstantools,
rstudioapi, sandwich, speedglm, splines, statmod, survey,
survival, testthat, tripack, truncreg, tweedie, VGAM",NA,GPL-3,NA,NA,NA,NA,no,4.2.0
isdals,/usr/lib/R/site-library,3.0.0,NA,NA,NA,NA,VGAM,NA,GPL-2,NA,NA,NA,NA,no,4.2.0
isoband,/usr/lib/R/site-library,0.2.5,NA,NA,"grid, utils",NA,"covr, ggplot2, knitr, magick, microbenchmark, rmarkdown, sf,
testthat, xml2",NA,MIT + file LICENSE,NA,NA,NA,NA,yes,4.2.0
ISwR,/usr/lib/R/site-library,2.0-8,NA,R (>= 2.6.0),NA,NA,"survival,MASS",NA,GPL (>= 2),NA,NA,NA,NA,no,4.2.0
janitor,/usr/lib/R/site-library,2.1.0,NA,R (>= 3.1.2),"dplyr (>= 1.0.0), lifecycle, lubridate, magrittr, purrr,
rlang, stringi, stringr, snakecase (>= 0.9.2), tidyselect (>=
1.0.0), tidyr (>= 0.7.0)",NA,"knitr, rmarkdown, sf, testthat, tibble, tidygraph",NA,MIT + file LICENSE,NA,NA,NA,NA,no,4.2.0
jpeg,/usr/lib/R/site-library,0.1-9,NA,R (>= 2.9.0),NA,NA,NA,NA,GPL-2 | GPL-3,NA,NA,NA,NA,yes,4.2.0
jquerylib,/usr/lib/R/site-library,0.1.4,NA,NA,htmltools,NA,testthat,NA,MIT + file LICENSE,NA,NA,NA,NA,no,4.2.0
jsonlite,/usr/lib/R/site-library,1.8.0,NA,methods,NA,NA,"httr, curl, vctrs, testthat, knitr, rmarkdown, R.rsp, sf",NA,MIT + file LICENSE,NA,NA,NA,NA,yes,4.2.0
kernlab,/usr/lib/R/site-library,0.9-31,NA,R (>= 2.10),"methods, stats, grDevices, graphics",NA,NA,NA,GPL-2,NA,NA,NA,NA,yes,4.2.0
KernSmooth,/usr/lib/R/site-library,2.23-20,recommended,"R (>= 2.5.0), stats",NA,NA,"MASS, carData",NA,Unlimited,NA,NA,NA,NA,yes,4.2.0
km.ci,/usr/lib/R/site-library,0.5-6,NA,R (>= 3.5.0),"stats, survival",NA,NA,NA,GPL (>= 2),NA,NA,NA,NA,no,4.2.0
KMsurv,/usr/lib/R/site-library,0.1-5,NA,NA,NA,NA,NA,NA,GPL (>= 3),NA,NA,NA,NA,NA,4.2.0
knitr,/usr/lib/R/site-library,1.39,NA,R (>= 3.3.0),"evaluate (>= 0.15), highr, methods, stringr (>= 0.6), yaml (>=
2.1.19), xfun (>= 0.29), tools",NA,"markdown, formatR, testit, digest, rgl (>= 0.95.1201),
codetools, rmarkdown, htmlwidgets (>= 0.7), webshot, tikzDevice
(>= 0.10), tinytex, reticulate (>= 1.4), JuliaCall (>= 0.11.1),
magick, png, jpeg, gifski, xml2 (>= 1.2.0), httr, DBI (>=
0.4-1), showtext, tibble, sass, bslib, ragg, styler (>= 1.2.0),
targets (>= 0.6.0)",NA,GPL,NA,NA,NA,NA,no,4.2.0
ks,/usr/lib/R/site-library,1.13.5,NA,R (>= 2.10.0),"FNN (>= 1.1), kernlab, KernSmooth (>= 2.22), Matrix, mclust,
mgcv, multicool, mvtnorm (>= 1.0-0), plot3D, pracma",NA,"geometry, MASS, misc3d (>= 0.4-0), oz, rgl (>= 0.66)",NA,GPL-2 | GPL-3,NA,NA,NA,NA,yes,4.2.0
kSamples,/usr/lib/R/site-library,1.2-9,NA,SuppDists,"methods, graphics, stats",NA,NA,NA,GPL (>= 2),NA,NA,NA,NA,yes,4.2.0
labeling,/usr/lib/R/site-library,0.4.2,NA,NA,"stats, graphics",NA,NA,NA,MIT + file LICENSE | Unlimited,NA,NA,NA,NA,no,4.2.0
later,/usr/lib/R/site-library,1.3.0,NA,NA,"Rcpp (>= 0.12.9), rlang",Rcpp,"knitr, rmarkdown, testthat (>= 2.1.0)",NA,MIT + file LICENSE,NA,NA,NA,NA,yes,4.2.0
lavaan,/usr/lib/R/site-library,0.6-10,NA,R(>= 3.4),"methods, stats4, stats, utils, graphics, MASS, mnormt,
pbivnorm, numDeriv",NA,NA,NA,GPL (>= 2),NA,NA,NA,NA,no,4.1.2
lazyeval,/usr/lib/R/site-library,0.2.2,NA,R (>= 3.1.0),NA,NA,"knitr, rmarkdown (>= 0.2.65), testthat, covr",NA,GPL-3,NA,NA,NA,NA,yes,4.2.0
leaflet,/usr/lib/R/site-library,2.1.1,NA,R (>= 3.1.0),"base64enc, crosstalk, htmlwidgets (>= 1.5.4), htmltools,
magrittr, markdown, methods, png, RColorBrewer, raster, scales
(>= 1.0.0), sp, stats, viridis (>= 0.5.1), leaflet.providers
(>= 1.8.0)",NA,"knitr, maps, sf (>= 0.9-6), shiny, rgdal, rgeos, R6, RJSONIO,
purrr, testthat (>= 3.0.0), s2",NA,GPL-3,NA,NA,NA,NA,no,4.2.0
leaps,/usr/lib/R/site-library,3.1,NA,,NA,NA,biglm,NA,GPL (>= 2),NA,NA,NA,NA,yes,4.2.0
lifecycle,/usr/lib/R/site-library,1.0.1,NA,R (>= 3.3),"glue, rlang (>= 0.4.10)",NA,"covr, crayon, lintr, tidyverse, knitr, rmarkdown, testthat
(>= 3.0.1), tools, tibble, vctrs",NA,MIT + file LICENSE,NA,NA,NA,NA,no,4.2.0
lme4,/usr/lib/R/site-library,1.1-30,NA,"R (>= 3.2.0), Matrix (>= 1.2-1), methods, stats","graphics, grid, splines, utils, parallel, MASS, lattice, boot,
nlme (>= 3.1-123), minqa (>= 1.1.15), nloptr (>= 1.0.4)","Rcpp (>= 0.10.5), RcppEigen","knitr, rmarkdown, MEMSS, testthat (>= 0.8.1), ggplot2,
mlmRev, optimx (>= 2013.8.6), gamm4, pbkrtest, HSAUR3,
numDeriv, car, dfoptim, mgcv, statmod, rr2, semEff, tibble,
merDeriv",NA,GPL (>= 2),NA,NA,NA,NA,yes,4.2.0
lmerTest,/usr/lib/R/site-library,3.1-3,NA,"R (>= 3.2.5), lme4 (>= 1.1-10), stats, methods","numDeriv, MASS, ggplot2",NA,"pbkrtest (>= 0.4-3), tools",NA,GPL (>= 2),NA,NA,NA,NA,no,4.2.0
lmom,/usr/lib/R/site-library,2.9,NA,R (>= 3.0.0),"stats, graphics",NA,NA,NA,Common Public License Version 1.0,NA,NA,NA,NA,yes,4.2.0
lmtest,/usr/lib/R/site-library,0.9-39,NA,"R (>= 3.0.0), stats, zoo",graphics,NA,"car, strucchange, sandwich, dynlm, stats4, survival, AER",NA,GPL-2 | GPL-3,NA,NA,NA,NA,yes,4.1.2
locfit,/usr/lib/R/site-library,1.5-9.6,NA,R (>= 4.1.0),lattice,NA,"interp, gam",NA,GPL (>= 2),NA,NA,NA,NA,yes,4.2.0
Lock5Data,/usr/lib/R/site-library,3.0.0,NA,R (>= 3.5.0),NA,NA,NA,NA,GPL-2,NA,NA,NA,NA,no,4.2.0
loo,/usr/lib/R/site-library,2.5.1,NA,R (>= 3.1.2),"checkmate, matrixStats (>= 0.52), parallel, stats",NA,"bayesplot (>= 1.7.0), brms (>= 2.10.0), ggplot2, graphics,
knitr, rmarkdown, rstan, rstanarm (>= 2.19.0), rstantools,
spdep, testthat (>= 2.1.0)",NA,GPL (>= 3),NA,NA,NA,NA,no,4.2.0
lubridate,/usr/lib/R/site-library,1.8.0,NA,"methods, R (>= 3.2)",generics,cpp11 (>= 0.2.7),"covr, knitr, testthat (>= 2.1.0), vctrs (>= 0.3.0), rmarkdown","chron, timeDate, tis, zoo",GPL (>= 2),NA,NA,NA,NA,yes,4.2.0
lwgeom,/usr/lib/R/site-library,0.2-8,NA,R (>= 3.3.0),"Rcpp, units, sf (>= 0.9-3)","Rcpp, sf (>= 0.6-0)","covr, sp, geosphere, testthat",NA,GPL-2,NA,NA,NA,NA,yes,4.2.0
magrittr,/usr/lib/R/site-library,2.0.3,NA,R (>= 3.4.0),NA,NA,"covr, knitr, rlang, rmarkdown, testthat",NA,MIT + file LICENSE,NA,NA,NA,NA,yes,4.2.0
maptools,/usr/lib/R/site-library,1.1-4,NA,"R (>= 2.10), sp (>= 1.0-11)","foreign (>= 0.8), methods, grid, lattice, stats, utils,
grDevices",NA,"rgeos (>= 0.1-8), spatstat.geom (>= 1.65-0), PBSmapping,
maps, RColorBrewer, raster, polyclip, plotrix, spatstat.linnet
(>= 1.65-3), spatstat.utils (>= 1.19.0), spatstat (>= 2.0-0)",gpclib,GPL (>= 2),NA,NA,NA,NA,yes,4.2.0
marginaleffects,/usr/lib/R/site-library,0.6.0,NA,R (>= 3.5.0),"checkmate, data.table, generics, insight (>= 0.17.1), methods",NA,"AER, afex, aod, bench, betareg, BH, bife, brglm2, brms,
brmsmargins, broom, covr, crch, datawizard, dplyr, emmeans,
estimatr, fixest (>= 0.10.1), future, future.apply, gam,
geepack, ggbeeswarm, ggdag, ggdist, ggplot2, ggrepel, glmmTMB,
glmx, haven, here, itsadug, ivreg, kableExtra, knitr, lme4,
lmerTest, magrittr, margins, MASS, mclogit, mgcv, mhurdle,
mice, mlogit, modelbased, modelsummary, nlme, nnet, ordinal,
patchwork, pkgdown, plm, prediction, pscl, quantreg, RcppEigen,
rlang, rmarkdown, rms, robust, robustbase, robustlmm, rstanarm,
rstantools, sampleSelection, sandwich, scam, speedglm,
spelling, survey, survival, systemfonts, tidymodels, tidyverse,
tinytest, tobit1, truncreg, tsModel, vdiffr, withr",NA,GPL (>= 3),NA,NA,NA,NA,no,4.2.0
markdown,/usr/lib/R/site-library,1.1,NA,R (>= 2.11.1),"utils, xfun, mime (>= 0.3)",NA,"knitr, RCurl",NA,GPL-2,NA,NA,NA,NA,yes,4.0.0
MASS,/usr/lib/R/site-library,7.3-58,recommended,"R (>= 3.3.0), grDevices, graphics, stats, utils",methods,NA,"lattice, nlme, nnet, survival, gamair",NA,GPL-2 | GPL-3,NA,NA,NA,NA,yes,4.2.0
Matrix,/usr/lib/R/site-library,1.4-1,recommended,R (>= 3.5.0),"methods, graphics, grid, stats, utils, lattice",NA,"expm, MASS","MatrixModels, graph, SparseM, sfsmisc, igraph, maptools, sp,
spdep",GPL (>= 2) | file LICENCE,NA,NA,NA,NA,yes,4.2.0
MatrixModels,/usr/lib/R/site-library,0.5-0,NA,R (>= 3.0.1),"stats, methods, Matrix (>= 1.1-5)",NA,NA,NA,GPL (>= 2),NA,NA,NA,NA,no,4.2.0
matrixStats,/usr/lib/R/site-library,0.62.0,NA,R (>= 2.12.0),NA,NA,"base64enc, ggplot2, knitr, markdown, microbenchmark,
R.devices, R.rsp",NA,Artistic-2.0,NA,NA,NA,NA,yes,4.2.0
maxstat,/usr/lib/R/site-library,0.7-25,NA,R (>= 1.7.0),"exactRankTests(>= 0.8-23), mvtnorm(>= 0.5-10), stats, graphics",NA,"TH.data, survival",NA,GPL (>= 2),NA,NA,NA,NA,yes,4.2.0
mclust,/usr/lib/R/site-library,5.4.10,NA,R (>= 3.0),"stats, utils, graphics, grDevices",NA,"knitr (>= 1.12), rmarkdown (>= 0.9), mix (>= 1.0), geometry
(>= 0.3-6), MASS",NA,GPL (>= 2),NA,NA,NA,NA,yes,4.2.0
memoise,/usr/lib/R/site-library,2.0.1,NA,NA,"rlang (>= 0.4.10), cachem",NA,"digest, aws.s3, covr, googleAuthR, googleCloudStorageR, httr,
testthat",NA,MIT + file LICENSE,NA,NA,NA,NA,no,4.2.0
mgcv,/usr/lib/R/site-library,1.8-40,recommended,"R (>= 3.6.0), nlme (>= 3.1-64)","methods, stats, graphics, Matrix, splines, utils",NA,"parallel, survival, MASS",NA,GPL (>= 2),NA,NA,NA,NA,yes,4.2.0
mime,/usr/lib/R/site-library,0.12,NA,NA,tools,NA,NA,NA,GPL,NA,NA,NA,NA,yes,4.2.0
miniUI,/usr/lib/R/site-library,0.1.1.1,NA,NA,"shiny (>= 0.13), htmltools (>= 0.3), utils",NA,NA,NA,GPL-3,NA,NA,NA,NA,no,4.0.0
minqa,/usr/lib/R/site-library,1.2.4,NA,NA,Rcpp (>= 0.9.10),Rcpp,NA,NA,GPL-2,NA,NA,NA,NA,yes,4.2.0
misc3d,/usr/lib/R/site-library,0.9-1,NA,NA,"grDevices, graphics, stats, tcltk",NA,"rgl, tkrplot, MASS",NA,GPL,NA,NA,NA,NA,no,4.2.0
mnormt,/usr/lib/R/site-library,2.1.0,NA,R (>= 2.2.0),NA,NA,NA,NA,GPL-2 | GPL-3,NA,NA,NA,NA,yes,4.2.0
modelr,/usr/lib/R/site-library,0.1.8,NA,R (>= 3.2),"broom, magrittr, purrr (>= 0.2.2), rlang (>= 0.2.0), tibble,
tidyr (>= 0.8.0), tidyselect, vctrs",NA,"compiler, covr, ggplot2, testthat",NA,GPL-3,NA,NA,NA,NA,no,4.2.0
multcomp,/usr/lib/R/site-library,1.4-19,NA,"stats, graphics, mvtnorm (>= 1.0-10), survival (>= 2.39-4),
TH.data (>= 1.0-2)","sandwich (>= 2.3-0), codetools",NA,"lme4 (>= 0.999375-16), nlme, robustbase, coin, MASS, foreign,
xtable, lmtest, coxme (>= 2.2-1), SimComp, ISwR, tram (>=
0.2-5), fixest (>= 0.10)",NA,GPL-2,NA,NA,NA,NA,no,4.2.0
multcompView,/usr/lib/R/site-library,0.1-8,NA,NA,grid,NA,"multcomp, pgirmess, MASS",NA,GPL,NA,NA,NA,NA,no,4.2.0
multicool,/usr/lib/R/site-library,0.1-12,NA,"methods, Rcpp (>= 0.11.2)",NA,Rcpp,NA,NA,GPL-2,NA,NA,NA,NA,yes,4.2.0
munsell,/usr/lib/R/site-library,0.5.0,NA,NA,"colorspace, methods",NA,"ggplot2, testthat",NA,MIT + file LICENSE,NA,NA,NA,NA,no,4.2.0
MVTests,/usr/lib/R/site-library,2.1.1,NA,R (>= 4.0),"stats, rrcov, mvtnorm, robustbase",NA,NA,NA,GPL-2,NA,NA,NA,NA,no,4.2.0
mvtnorm,/usr/lib/R/site-library,1.1-3,NA,R(>= 3.5.0),"stats, methods",NA,NA,NA,GPL-2,NA,NA,NA,NA,yes,4.2.0
nlme,/usr/lib/R/site-library,3.1-158,recommended,R (>= 3.5.0),"graphics, stats, utils, lattice",NA,"Hmisc, MASS, SASmixed",NA,GPL (>= 2),NA,NA,NA,NA,yes,4.2.0
nloptr,/usr/lib/R/site-library,2.0.3,NA,NA,NA,testthat,"knitr, rmarkdown, xml2, testthat (>= 3.0.0), covr",NA,LGPL (>= 3),NA,NA,NA,NA,yes,4.2.0
nnet,/usr/lib/R/site-library,7.3-17,recommended,"R (>= 3.0.0), stats, utils",NA,NA,MASS,NA,GPL-2 | GPL-3,NA,NA,NA,NA,yes,4.2.0
numDeriv,/usr/lib/R/site-library,2016.8-1.1,NA,R (>= 2.11.1),NA,NA,NA,NA,GPL-2,NA,NA,NA,NA,no,4.0.0
openintro,/usr/lib/R/site-library,2.3.0,NA,"R (>= 2.10), airports, cherryblossom, usdata","ggplot2 (>= 2.2.1), graphics, readr, rmarkdown, tibble",NA,"broom, dplyr, forcats, knitr, lubridate, scales, testthat (>=
3.0.0), tidyr, tidytext",NA,GPL-3,NA,NA,NA,NA,no,4.2.0
openssl,/usr/lib/R/site-library,2.0.2,NA,NA,askpass,NA,"curl, testthat (>= 2.1.0), digest, knitr, rmarkdown,
jsonlite, jose, sodium",NA,MIT + file LICENSE,NA,NA,NA,NA,yes,4.2.0
openxlsx,/usr/lib/R/site-library,4.2.5,NA,R (>= 3.3.0),"grDevices, methods, Rcpp, stats, stringi, utils, zip",Rcpp,"knitr, rmarkdown, roxygen2, testthat",NA,MIT + file LICENSE,NA,NA,NA,NA,yes,4.2.0
PairedData,/usr/lib/R/site-library,1.1.1,NA,"methods,graphics,MASS,gld,mvtnorm,lattice,ggplot2",NA,NA,NA,NA,GPL (>= 2),NA,NA,NA,NA,no,4.2.0
pak,/usr/lib/R/site-library,0.3.0,NA,R (>= 3.2),"tools, utils",NA,"callr (>= 3.7.0), cli (>= 3.2.0), covr, curl (>= 4.3.2), desc
(>= 1.4.1), digest, distro, filelock (>= 1.0.2), gitcreds, glue
(>= 1.6.2), mockery, pingr, jsonlite (>= 1.8.0), pkgcache (>=
2.0.1), pkgdepends (>= 0.3.0), pkgsearch (>= 3.1.0),
prettyunits, processx (>= 3.5.2), ps (>= 1.6.0), rprojroot (>=
2.0.2), rstudioapi, testthat, withr",NA,GPL-3,NA,NA,NA,NA,no,4.2.0
pbivnorm,/usr/lib/R/site-library,0.6.0,NA,NA,NA,NA,NA,NA,GPL (>= 2),NA,NA,NA,NA,yes,4.0.0
pbkrtest,/usr/lib/R/site-library,0.5.1,NA,"R (>= 3.5.0), lme4 (>= 1.1.10)","broom, dplyr, magrittr, MASS, Matrix (>= 1.2.3), methods,
numDeriv, parallel, knitr",NA,NA,NA,GPL (>= 2),NA,NA,NA,NA,no,4.2.0
pcaPP,/usr/lib/R/site-library,2.0-2,NA,NA,"mvtnorm, methods",NA,robustbase,NA,GPL (>= 3),NA,NA,NA,NA,yes,4.2.0
pillar,/usr/lib/R/site-library,1.8.0,NA,NA,"cli (>= 2.3.0), fansi, glue, lifecycle, rlang (>= 1.0.2), utf8
(>= 1.1.0), utils, vctrs (>= 0.3.8)",NA,"bit64, debugme, DiagrammeR, dplyr, formattable, ggplot2,
knitr, lubridate, nanotime, nycflights13, palmerpenguins,
rmarkdown, scales, stringi, survival, testthat (>= 3.1.1),
tibble, units (>= 0.7.2), vdiffr, withr",NA,MIT + file LICENSE,NA,NA,NA,NA,no,4.2.0
pkgbuild,/usr/lib/R/site-library,1.3.1,NA,R (>= 3.1),"callr (>= 3.2.0), cli, crayon, desc, prettyunits, R6,
rprojroot, withr (>= 2.3.0)",NA,"Rcpp, cpp11, testthat, covr",NA,MIT + file LICENSE,NA,NA,NA,NA,no,4.2.0
pkgconfig,/usr/lib/R/site-library,2.0.3,NA,NA,utils,NA,"covr, testthat, disposables (>= 1.0.3)",NA,MIT + file LICENSE,NA,NA,NA,NA,no,4.2.0
pkgload,/usr/lib/R/site-library,1.3.0,NA,R (>= 3.4.0),"cli (>= 3.3.0), crayon, desc, fs, glue, methods, rlang (>=
1.0.3), rprojroot, utils, withr (>= 2.4.3)",NA,"bitops, covr, mathjaxr, pak, pkgbuild, Rcpp, remotes,
rstudioapi, testthat (>= 3.1.0)",NA,GPL-3,NA,NA,NA,NA,no,4.2.0
plogr,/usr/lib/R/site-library,0.2.0,NA,NA,NA,NA,Rcpp,NA,MIT + file LICENSE,NA,NA,NA,NA,no,4.0.0
plot3D,/usr/lib/R/site-library,1.4,NA,R (>= 2.15),"misc3d, stats, graphics, grDevices, methods",NA,NA,NA,GPL (>= 3.0),NA,NA,NA,NA,no,4.2.0
plotrix,/usr/lib/R/site-library,3.8-2,NA,R (>= 3.5.0),"grDevices, graphics, stats, utils",NA,NA,NA,GPL (>= 2),NA,NA,NA,NA,no,4.2.0
plyr,/usr/lib/R/site-library,1.8.7,NA,R (>= 3.1.0),Rcpp (>= 0.11.0),Rcpp,"abind, covr, doParallel, foreach, iterators, itertools,
tcltk, testthat",NA,MIT + file LICENSE,NA,NA,NA,NA,yes,4.2.0
PMCMRplus,/usr/lib/R/site-library,1.9.5,NA,R (>= 3.5.0),"mvtnorm (>= 1.0), multcompView, gmp, Rmpfr, SuppDists,
kSamples (>= 1.2.7), BWStest (>= 0.2.1), MASS, stats",NA,"xtable, graphics, knitr, rmarkdown, car, e1071, multcomp,
pwr, NSM3",NA,GPL (>= 3),NA,NA,NA,NA,yes,4.2.0
png,/usr/lib/R/site-library,0.1-7,NA,R (>= 2.9.0),NA,NA,NA,NA,GPL-2 | GPL-3,NA,NA,NA,NA,yes,4.0.0
polyclip,/usr/lib/R/site-library,1.10-0,NA,R (>= 3.0.0),NA,NA,NA,NA,BSL,NA,NA,NA,NA,yes,4.2.0
polynom,/usr/lib/R/site-library,1.4-1,NA,NA,"stats, graphics",NA,"knitr, rmarkdown",NA,GPL-2,NA,NA,NA,NA,no,4.2.0
posterior,/usr/lib/R/site-library,1.2.2,NA,R (>= 3.2.0),"abind, checkmate, rlang (>= 0.4.7), stats, tibble (>= 3.0.0),
vctrs, tensorA, pillar, distributional, parallel, matrixStats",NA,"testthat (>= 2.1.0), caret (>= 6.0.84), gbm (>= 2.1.8),
randomForest (>= 4.6.14), e1071 (>= 1.7.3), dplyr, tidyr,
knitr, rmarkdown",NA,BSD_3_clause + file LICENSE,NA,NA,NA,NA,no,4.2.0
pracma,/usr/lib/R/site-library,2.3.8,NA,R (>= 3.1.0),"graphics, grDevices, stats, utils",NA,"NlcOptim, quadprog",NA,GPL (>= 3),NA,NA,NA,NA,no,4.2.0
praise,/usr/lib/R/site-library,1.0.0,NA,NA,NA,NA,testthat,NA,MIT + file LICENSE,NA,NA,NA,NA,no,4.0.0
prettyunits,/usr/lib/R/site-library,1.1.1,NA,NA,NA,NA,"codetools, covr, testthat",NA,MIT + file LICENSE,NA,NA,NA,NA,no,4.2.0
processx,/usr/lib/R/site-library,3.7.0,NA,R (>= 3.4.0),"ps (>= 1.2.0), R6, utils",NA,"callr (>= 3.7.0), cli (>= 3.3.0), codetools, covr, curl,
debugme, parallel, rlang (>= 1.0.2), testthat (>= 3.0.0), withr",NA,MIT + file LICENSE,NA,NA,NA,NA,yes,4.2.0
progress,/usr/lib/R/site-library,1.2.2,NA,NA,"hms, prettyunits, R6, crayon",NA,"Rcpp, testthat, withr",NA,MIT + file LICENSE,NA,NA,NA,NA,no,4.2.0
promises,/usr/lib/R/site-library,1.2.0.1,NA,NA,"R6, Rcpp, later, rlang, stats, magrittr","later, Rcpp","testthat, future (>= 1.21.0), fastmap (>= 1.1.0), purrr,
knitr, rmarkdown, vembedr, spelling",NA,MIT + file LICENSE,NA,NA,NA,NA,yes,4.2.0
proxy,/usr/lib/R/site-library,0.4-27,NA,R (>= 3.4.0),"stats, utils",NA,cba,NA,GPL-2,NA,NA,NA,NA,yes,4.2.0
ps,/usr/lib/R/site-library,1.7.1,NA,R (>= 3.4),utils,NA,"callr, covr, curl, pillar, pingr, processx (>= 3.1.0), R6,
rlang, testthat (>= 3.0.0),",NA,MIT + file LICENSE,NA,NA,NA,NA,yes,4.2.0
purrr,/usr/lib/R/site-library,0.3.4,NA,R (>= 3.2),"magrittr (>= 1.5), rlang (>= 0.3.1)",NA,"covr, crayon, dplyr (>= 0.7.8), knitr, rmarkdown, testthat,
tibble, tidyselect",NA,GPL-3 | file LICENSE,NA,NA,NA,NA,yes,4.2.0
quadprog,/usr/lib/R/site-library,1.5-8,NA,R (>= 3.1.0),NA,NA,NA,NA,GPL (>= 2),NA,NA,NA,NA,yes,4.2.0
quantmod,/usr/lib/R/site-library,0.4.20,NA,"R (>= 3.2.0), xts(>= 0.9-0), zoo, TTR(>= 0.2), methods",curl,NA,"DBI,RMySQL,RSQLite,timeSeries,xml2,downloader,jsonlite(>=
1.1)",NA,GPL-3,NA,NA,NA,NA,no,4.2.0
quantreg,/usr/lib/R/site-library,5.94,NA,"R (>= 3.5), stats, SparseM","methods, graphics, Matrix, MatrixModels, survival, MASS",NA,"tripack, interp, rgl, logspline, nor1mix, Formula, zoo,
R.rsp, conquer",NA,GPL (>= 2),NA,NA,NA,NA,yes,4.2.0
R6,/usr/lib/R/site-library,2.5.1,NA,R (>= 3.0),NA,NA,"testthat, pryr",NA,MIT + file LICENSE,NA,NA,NA,NA,no,4.2.0
rainbow,/usr/lib/R/site-library,3.6,NA,"R (>= 3.4.0), MASS, pcaPP","hdrcde, cluster, colorspace, ks",NA,forecast,NA,GPL-3,NA,NA,NA,NA,no,4.2.0
rappdirs,/usr/lib/R/site-library,0.3.3,NA,R (>= 3.2),NA,NA,"roxygen2, testthat (>= 3.0.0), covr, withr",NA,MIT + file LICENSE,NA,NA,NA,NA,yes,4.2.0
raster,/usr/lib/R/site-library,3.5-21,NA,"sp (>= 1.4-5), R (>= 3.5.0)","Rcpp, methods, terra (>= 1.5-12)",Rcpp,"rgdal (>= 1.5-23), rgeos (>= 0.5-3), ncdf4, igraph, tcltk,
parallel, rasterVis, MASS, sf, tinytest, gstat, fields,
exactextractr",NA,GPL (>= 3),NA,NA,NA,NA,yes,4.2.0
rcmdcheck,/usr/lib/R/site-library,1.4.0,NA,NA,"callr (>= 3.1.1.9000), cli (>= 3.0.0), curl, desc (>= 1.2.0),
digest, pkgbuild, prettyunits, R6, rprojroot, sessioninfo (>=
1.1.1), utils, withr, xopen",NA,"covr, knitr, mockery, processx, ps, rmarkdown, svglite,
testthat, webfakes",NA,MIT + file LICENSE,NA,NA,NA,NA,no,4.2.0
RColorBrewer,/usr/lib/R/site-library,1.1-3,NA,R (>= 2.0.0),NA,NA,NA,NA,Apache License 2.0,NA,NA,NA,NA,no,4.2.0
Rcpp,/usr/lib/R/site-library,1.0.9,NA,NA,"methods, utils",NA,"tinytest, inline, rbenchmark, pkgKitten (>= 0.1.2)",NA,GPL (>= 2),NA,NA,NA,NA,yes,4.2.0
RcppArmadillo,/usr/lib/R/site-library,0.11.2.0.0,NA,R (>= 3.3.0),"Rcpp (>= 0.11.0), stats, utils, methods",Rcpp,"tinytest, Matrix (>= 1.3.0), pkgKitten, reticulate, slam",NA,GPL (>= 2),NA,NA,NA,NA,yes,4.2.0
RcppEigen,/usr/lib/R/site-library,0.3.3.9.2,NA,NA,"Matrix (>= 1.1-0), Rcpp (>= 0.11.0), stats, utils",Rcpp,"inline, tinytest, pkgKitten, microbenchmark",NA,GPL (>= 2) | file LICENSE,NA,NA,NA,NA,yes,4.2.0
RcppParallel,/usr/lib/R/site-library,5.1.5,NA,R (>= 3.0.2),NA,NA,"Rcpp, RUnit, knitr, rmarkdown",NA,GPL (>= 3),NA,NA,NA,NA,yes,4.2.0
RCurl,/usr/lib/R/site-library,1.98-1.7,NA,"R (>= 3.4.0), methods",bitops,NA,XML,NA,BSD_3_clause + file LICENSE,NA,NA,NA,NA,yes,4.2.0
readr,/usr/lib/R/site-library,2.1.2,NA,R (>= 3.1),"cli (>= 3.0.0), clipr, crayon, hms (>= 0.4.1), lifecycle (>=
0.2.0), methods, R6, rlang, tibble, utils, vroom (>= 1.5.6)","cpp11, tzdb (>= 0.1.1)","covr, curl, datasets, knitr, rmarkdown, spelling, stringi,
testthat (>= 3.1.2), tzdb (>= 0.1.1), waldo, withr, xml2",NA,MIT + file LICENSE,NA,NA,NA,NA,yes,4.2.0
readxl,/usr/lib/R/site-library,1.4.0,NA,R (>= 3.4),"cellranger, tibble (>= 2.0.1), utils","cpp11 (>= 0.4.0), progress","knitr, rmarkdown, testthat (>= 3.0.0)",NA,MIT + file LICENSE,NA,NA,NA,NA,yes,4.2.0
rematch,/usr/lib/R/site-library,1.0.1,NA,NA,NA,NA,"covr, testthat",NA,MIT + file LICENSE,NA,NA,NA,NA,no,4.0.0
rematch2,/usr/lib/R/site-library,2.1.2,NA,NA,tibble,NA,"covr, testthat",NA,MIT + file LICENSE,NA,NA,NA,NA,no,4.2.0
remotes,/usr/lib/R/site-library,2.4.2,NA,R (>= 3.0.0),"methods, stats, tools, utils",NA,"brew, callr, codetools, curl, covr, git2r (>= 0.23.0), knitr,
mockery, pkgbuild (>= 1.0.1), pingr, rmarkdown, rprojroot,
testthat, webfakes, withr",NA,MIT + file LICENSE,NA,NA,NA,NA,no,4.2.0
reprex,/usr/lib/R/site-library,2.0.1,NA,R (>= 3.3),"callr (>= 3.6.0), cli (>= 2.3.1), clipr (>= 0.4.0), fs, glue,
knitr (>= 1.23), rlang (>= 0.4.0), rmarkdown, rstudioapi,
utils, withr (>= 2.3.0)",NA,"covr, fortunes, miniUI, mockr, rprojroot, sessioninfo, shiny,
spelling, styler (>= 1.2.0), testthat (>= 3.0.2)",NA,MIT + file LICENSE,NA,NA,NA,NA,no,4.2.0
reshape2,/usr/lib/R/site-library,1.4.4,NA,R (>= 3.1),"plyr (>= 1.8.1), Rcpp, stringr",Rcpp,"covr, lattice, testthat (>= 0.8.0)",NA,MIT + file LICENSE,NA,NA,NA,NA,yes,4.2.0
rgdal,/usr/lib/R/site-library,1.5-32,NA,"R (>= 3.5.0), methods, sp (>= 1.1-0)","grDevices, graphics, stats, utils",sp,"knitr, DBI, RSQLite, maptools, mapview, rmarkdown, curl,
rgeos",NA,GPL (>= 2),NA,NA,NA,NA,yes,4.2.0
rio,/usr/lib/R/site-library,0.5.29,NA,R (>= 2.15.0),"tools, stats, utils, foreign, haven (>= 1.1.2), curl (>= 0.6),
data.table (>= 1.9.8), readxl (>= 0.1.1), openxlsx, tibble",NA,"datasets, bit64, testthat, knitr, magrittr, arrow, clipr,
feather, fst, hexView, jsonlite, pzfx, readODS (>= 1.6.4),
readr, rmarkdown, rmatio, xml2 (>= 1.2.0), yaml",NA,GPL-2,NA,NA,NA,NA,no,4.2.0
rlang,/usr/lib/R/site-library,1.0.4,NA,R (>= 3.4.0),utils,NA,"cli (>= 3.1.0), covr, crayon, fs, glue, knitr, magrittr,
methods, pillar, rmarkdown, stats, testthat (>= 3.0.0), tibble,
usethis, vctrs (>= 0.2.3), withr",winch,MIT + file LICENSE,NA,NA,NA,NA,yes,4.2.0
rmarkdown,/usr/lib/R/site-library,2.14,NA,R (>= 3.0),"bslib (>= 0.2.5.1), evaluate (>= 0.13), htmltools (>= 0.3.5),
jquerylib, jsonlite, knitr (>= 1.22), methods, stringr (>=
1.2.0), tinytex (>= 0.31), tools, utils, xfun (>= 0.30), yaml
(>= 2.1.19)",NA,"digest, dygraphs, fs, rsconnect, downlit (>= 0.4.0), katex
(>= 1.4.0), sass (>= 0.4.0), shiny (>= 1.6.0), testthat (>=
3.0.3), tibble, tufte, vctrs, withr (>= 2.4.2)",NA,GPL-3,NA,NA,NA,NA,no,4.2.0
Rmpfr,/usr/lib/R/site-library,0.8-9,NA,"gmp (>= 0.6-1), R (>= 3.5.0)","stats, utils, methods",NA,"MASS, Bessel, polynom, sfsmisc (>= 1.0-20), Matrix","dfoptim, pracma",GPL (>= 2),NA,NA,NA,NA,yes,4.2.0
robustbase,/usr/lib/R/site-library,0.95-0,NA,R (>= 3.5.0),"stats, graphics, utils, methods, DEoptimR",NA,"grid, MASS, lattice, boot, cluster, Matrix, robust,
fit.models, MPV, xtable, ggplot2, GGally, RColorBrewer,
reshape2, sfsmisc, catdata, doParallel, foreach, skewt","robustX, rrcov, matrixStats, quantreg, Hmisc",GPL (>= 2),NA,NA,NA,NA,yes,4.2.0
roxygen2,/usr/lib/R/site-library,7.2.1,NA,R (>= 3.3),"brew, cli (>= 3.3.0), commonmark, desc (>= 1.2.0), digest,
knitr, methods, pkgload (>= 1.0.2), purrr (>= 0.3.3), R6 (>=
2.1.2), rlang (>= 1.0.0), stringi, stringr (>= 1.0.0), utils,
withr, xml2",cpp11,"covr, R.methodsS3, R.oo, rmarkdown, testthat (>= 3.1.2), yaml",NA,MIT + file LICENSE,NA,NA,NA,NA,yes,4.2.0
rpart,/usr/lib/R/site-library,4.1.16,recommended,"R (>= 2.15.0), graphics, stats, grDevices",NA,NA,survival,NA,GPL-2 | GPL-3,NA,NA,NA,NA,yes,4.2.0
rprojroot,/usr/lib/R/site-library,2.0.3,NA,R (>= 3.0.0),NA,NA,"covr, knitr, lifecycle, mockr, rmarkdown, testthat (>=
3.0.0), withr",NA,MIT + file LICENSE,NA,NA,NA,NA,no,4.2.0
rrcov,/usr/lib/R/site-library,1.7-0,NA,"R (>= 2.10), robustbase (>= 0.92.1), methods","stats, stats4, mvtnorm, lattice, pcaPP",NA,"grid, MASS",NA,GPL (>= 3),NA,NA,NA,NA,yes,4.2.0
RSQLite,/usr/lib/R/site-library,2.2.15,NA,R (>= 3.1.0),"bit64, blob (>= 1.2.0), DBI (>= 1.1.0), memoise, methods,
pkgconfig, Rcpp (>= 1.0.7)","plogr (>= 0.2.0), Rcpp","callr, DBItest (>= 1.7.0), gert, gh, knitr, rmarkdown, hms,
rvest, testthat, xml2",NA,LGPL (>= 2.1),NA,NA,NA,NA,yes,4.2.0
rstan,/usr/lib/R/site-library,2.21.5,NA,"R (>= 3.4.0), StanHeaders (>= 2.21.0), ggplot2 (>= 3.0.0)","methods, stats4, inline, gridExtra (>= 2.0.0), Rcpp (>=
0.12.0), RcppParallel (>= 5.0.1), loo (>= 2.3.0), pkgbuild","Rcpp (>= 0.12.0), RcppEigen (>= 0.3.3.3.0), BH (>=
1.72.0-2), StanHeaders (>= 2.21.0), RcppParallel","RUnit, RcppEigen (>= 0.3.3.3.0), BH (>= 1.72.0-2), parallel,
KernSmooth, shinystan (>= 2.3.0), bayesplot (>= 1.5.0),
rmarkdown, rstantools, rstudioapi, Matrix, knitr (>= 1.15.1),
V8",NA,GPL (>= 3),NA,NA,NA,NA,yes,4.2.0
rstatix,/usr/lib/R/site-library,0.7.0,NA,R (>= 3.3.0),"stats, utils, tidyr (>= 1.0.0), purrr, broom (>= 0.7.4), rlang
(>= 0.3.1), tibble (>= 2.1.3), dplyr (>= 0.7.1), magrittr,
corrplot, tidyselect (>= 1.0.0), car, generics (>= 0.0.2)",NA,"knitr, rmarkdown, ggpubr, graphics, emmeans, coin, boot,
testthat, spelling",NA,GPL-2,NA,NA,NA,NA,no,4.2.0
rstudioapi,/usr/lib/R/site-library,0.13,NA,NA,NA,NA,"testthat, knitr, rmarkdown, clipr",NA,MIT + file LICENSE,NA,NA,NA,NA,no,4.2.0
rvest,/usr/lib/R/site-library,1.0.2,NA,R (>= 3.2),"httr (>= 0.5), lifecycle (>= 1.0.0), magrittr, rlang (>=
0.4.10), selectr, tibble, xml2 (>= 1.3)",NA,"covr, glue, knitr, readr, rmarkdown, repurrrsive, spelling,
stringi (>= 0.3.1), testthat (>= 3.0.2), webfakes",NA,MIT + file LICENSE,NA,NA,NA,NA,no,4.2.0
s2,/usr/lib/R/site-library,1.1.0,NA,R (>= 3.0.0),"Rcpp, wk (>= 0.6.0)","Rcpp, wk","testthat (>= 3.0.0), vctrs",NA,Apache License (== 2.0),NA,NA,NA,NA,yes,4.2.0
sandwich,/usr/lib/R/site-library,3.0-2,NA,R (>= 3.0.0),"stats, utils, zoo",NA,"AER, car, geepack, lattice, lme4, lmtest, MASS, multiwayvcov,
parallel, pcse, plm, pscl, scatterplot3d, stats4, strucchange,
survival",NA,GPL-2 | GPL-3,NA,NA,NA,NA,no,4.2.0
sass,/usr/lib/R/site-library,0.4.2,NA,NA,"fs, rlang (>= 0.4.10), htmltools (>= 0.5.1), R6, rappdirs",NA,"testthat, knitr, rmarkdown, withr, shiny, curl",NA,MIT + file LICENSE,NA,NA,NA,NA,yes,4.2.0
scales,/usr/lib/R/site-library,1.2.0,NA,R (>= 3.2),"farver (>= 2.0.3), labeling, lifecycle, munsell (>= 0.5), R6,
RColorBrewer, rlang (>= 1.0.0), viridisLite",NA,"bit64, covr, dichromat, ggplot2, hms (>= 0.5.0), stringi,
testthat (>= 3.0.0), waldo (>= 0.4.0)",NA,MIT + file LICENSE,NA,NA,NA,NA,no,4.2.0
selectr,/usr/lib/R/site-library,0.4-2,NA,R (>= 3.0),"methods, stringr, R6",NA,"testthat, XML, xml2",NA,BSD_3_clause + file LICENCE,NA,NA,NA,NA,no,4.2.0
sessioninfo,/usr/lib/R/site-library,1.2.2,NA,R (>= 2.10),"cli (>= 3.1.0), tools, utils",NA,"callr, covr, mockery, reticulate, rmarkdown, testthat, withr",NA,GPL-2,NA,NA,NA,NA,no,4.2.0
sf,/usr/lib/R/site-library,1.0-8,NA,"methods, R (>= 3.3.0)","classInt (>= 0.4-1), DBI (>= 0.8), graphics, grDevices, grid,
magrittr, Rcpp (>= 0.12.18), s2 (>= 1.0.7), stats, tools, units
(>= 0.7-0), utils",Rcpp,"blob, covr, dplyr (>= 0.8-3), ggplot2, knitr, lwgeom (>=
0.2-1), maps, mapview, Matrix, microbenchmark, odbc, pbapply,
pillar, pool, raster, rlang, rmarkdown, RPostgres (>= 1.1.0),
RPostgreSQL, RSQLite, sp (>= 1.2-4), spatstat (>= 2.0-1),
spatstat.geom, spatstat.random, spatstat.linnet,
spatstat.utils, stars (>= 0.2-0), terra, testthat, tibble (>=
1.4.1), tidyr (>= 1.2.0), tidyselect (>= 1.0.0), tmap (>= 2.0),
vctrs, wk",NA,GPL-2 | MIT + file LICENSE,NA,NA,NA,NA,yes,4.2.0
shiny,/usr/lib/R/site-library,1.7.2,NA,"R (>= 3.0.2), methods","utils, grDevices, httpuv (>= 1.5.2), mime (>= 0.3), jsonlite
(>= 0.9.16), xtable, fontawesome (>= 0.2.1), htmltools (>=
0.5.2), R6 (>= 2.0), sourcetools, later (>= 1.0.0), promises
(>= 1.1.0), tools, crayon, rlang (>= 0.4.10), fastmap (>=
1.1.0), withr, commonmark (>= 1.7), glue (>= 1.3.2), bslib (>=
0.3.0), cachem, ellipsis, lifecycle (>= 0.2.0)",NA,"datasets, Cairo (>= 1.5-5), testthat (>= 3.0.0), knitr (>=
1.6), markdown, rmarkdown, ggplot2, reactlog (>= 1.0.0),
magrittr, yaml, future, dygraphs, ragg, showtext, sass",NA,GPL-3 | file LICENSE,NA,NA,NA,NA,no,4.2.0
snakecase,/usr/lib/R/site-library,0.11.0,NA,R (>= 3.2),"stringr, stringi",NA,"testthat, covr, tibble, purrrlyr, knitr, rmarkdown, magrittr",NA,GPL-3,NA,NA,NA,NA,no,4.2.0
sos,/usr/lib/R/site-library,2.1-4,NA,brew,NA,NA,"RODBC, WriteXLS, testthat",NA,GPL (>= 2),NA,NA,NA,NA,no,4.2.0
sourcetools,/usr/lib/R/site-library,0.1.7,NA,R (>= 3.0.2),NA,NA,testthat,NA,MIT + file LICENSE,NA,NA,NA,NA,yes,4.0.0
sp,/usr/lib/R/site-library,1.5-0,NA,"R (>= 3.0.0), methods","utils, stats, graphics, grDevices, lattice, grid",NA,"RColorBrewer, rgdal (>= 1.2-3), rgeos (>= 0.3-13), gstat,
maptools, deldir, knitr, rmarkdown, sf",NA,GPL (>= 2),NA,NA,NA,NA,yes,4.2.0
SparseM,/usr/lib/R/site-library,1.81,NA,"R (>= 2.15), methods","graphics, stats, utils",NA,NA,NA,GPL (>= 2),NA,NA,NA,NA,yes,4.2.0
spatial,/usr/lib/R/site-library,7.3-15,recommended,"R (>= 3.0.0), graphics, stats, utils",NA,NA,MASS,NA,GPL-2 | GPL-3,NA,NA,NA,NA,yes,4.2.0
spatstat,/usr/lib/R/site-library,2.3-4,NA,"R (>= 3.5.0), spatstat.data (>= 2.1-2), spatstat.geom (>=
2.4-0), spatstat.random (>= 2.2-0), spatstat.core (>= 2.4-1),
spatstat.linnet (>= 2.3-2), utils",spatstat.utils (>= 2.3-0),NA,,NA,GPL (>= 2),NA,NA,NA,NA,yes,4.2.0
spatstat.core,/usr/lib/R/site-library,2.4-4,NA,"R (>= 3.5.0), spatstat.data (>= 2.1-0), spatstat.geom (>=
2.4-0), spatstat.random (>= 2.2-0), stats, graphics, grDevices,
utils, methods, nlme, rpart","spatstat.utils (>= 2.3-1), spatstat.sparse (>= 2.0-0), mgcv,
Matrix, abind, tensor, goftest (>= 1.2-2)",NA,"sm, maptools (>= 0.9-9), gsl, locfit, spatial, RandomFields
(>= 3.1.24.1), RandomFieldsUtils(>= 0.3.3.1), fftwtools (>=
0.9-8), nleqslv, spatstat.linnet (>= 2.0-0), spatstat (>=
2.3-3)",NA,GPL (>= 2),NA,NA,NA,NA,yes,4.2.0
spatstat.data,/usr/lib/R/site-library,2.2-0,NA,R (>= 3.5.0),"spatstat.utils (>= 2.1-0), Matrix",NA,"spatstat.geom, spatstat.random, spatstat.core,
spatstat.linnet",NA,GPL (>= 2),NA,NA,NA,NA,no,4.2.0
spatstat.geom,/usr/lib/R/site-library,2.4-0,NA,"R (>= 3.5.0), spatstat.data (>= 2.0-0), stats, graphics,
grDevices, utils, methods","spatstat.utils (>= 2.2-0), deldir (>= 1.0-2), polyclip (>=
1.10-0)",NA,"spatstat.core, spatstat.random, spatstat.linnet, maptools (>=
0.9-9), spatial, fftwtools (>= 0.9-8), spatstat (>= 2.0-0)",NA,GPL (>= 2),NA,NA,NA,NA,yes,4.2.0
spatstat.linnet,/usr/lib/R/site-library,2.3-2,NA,"R (>= 3.5.0), spatstat.data (>= 2.1-0), spatstat.geom (>=
2.3-0), spatstat.random (>= 2.0), spatstat.core (>= 2.3-2),
stats, graphics, grDevices, methods, utils","spatstat.utils (>= 2.2-0), Matrix, spatstat.sparse (>= 2.0)",NA,"goftest, locfit, spatstat (>= 2.0-0)",NA,GPL (>= 2),NA,NA,NA,NA,yes,4.2.0
spatstat.random,/usr/lib/R/site-library,2.2-0,NA,"R (>= 3.5.0), spatstat.data (>= 2.1-0), spatstat.geom (>=
2.4-0), stats, utils, methods, grDevices",spatstat.utils (>= 2.2-0),NA,"spatial, RandomFields (>= 3.1.24.1), RandomFieldsUtils(>=
0.3.3.1), spatstat.linnet (>= 2.0-0), spatstat.core (>= 2.4-0),
spatstat (>= 2.3-3)",NA,GPL (>= 2),NA,NA,NA,NA,yes,4.2.0
spatstat.sparse,/usr/lib/R/site-library,2.1-1,NA,"R (>= 3.5.0), stats, utils, methods, Matrix, abind, tensor",spatstat.utils (>= 2.1-0),NA,NA,NA,GPL (>= 2),NA,NA,NA,NA,yes,4.2.0
spatstat.utils,/usr/lib/R/site-library,2.3-1,NA,"R (>= 3.3.0), stats, graphics, grDevices, utils, methods",NA,NA,spatstat.core,NA,GPL (>= 2),NA,NA,NA,NA,yes,4.2.0
StanHeaders,/usr/lib/R/site-library,2.21.0-7,NA,R (>= 3.4.0),RcppParallel (>= 5.0.1),"RcppEigen, RcppParallel (>= 5.0.1)","Rcpp, BH, knitr (>= 1.15.1), rmarkdown, Matrix, methods,
rstan",NA,BSD_3_clause + file LICENSE,NA,NA,NA,NA,yes,4.2.0
stars,/usr/lib/R/site-library,0.5-6,NA,"R (>= 3.3.0), abind, sf (>= 1.0-8)","methods, parallel, classInt (>= 0.4-1), lwgeom, rlang, units",NA,"PCICt, RNetCDF (>= 1.8-2), clue, covr, cubelyr, digest, dplyr
(>= 0.7-0), exactextractr, FNN, future.apply, ggforce, ggplot2,
ggthemes, gstat, httr, jsonlite, knitr, maps, mapdata,
ncdfgeom, ncmeta (>= 0.0.3), pbapply, plm, randomForest,
raster, rgdal, rmarkdown, sp, spacetime, spatstat (>= 2.0-1),
spatstat.geom, starsdata, terra (>= 1.4-22), testthat, tidyr,
viridis, xts, zoo",NA,Apache License,NA,NA,NA,NA,no,4.2.0
stringi,/usr/lib/R/site-library,1.7.8,NA,R (>= 3.1),"tools, utils, stats",NA,NA,NA,file LICENSE,NA,NA,NA,NA,yes,4.2.0
stringr,/usr/lib/R/site-library,1.4.0,NA,R (>= 3.1),"glue (>= 1.2.0), magrittr, stringi (>= 1.1.7)",NA,"covr, htmltools, htmlwidgets, knitr, rmarkdown, testthat",NA,GPL-2 | file LICENSE,NA,NA,NA,NA,no,4.2.0
SuppDists,/usr/lib/R/site-library,1.1-9.7,NA,R (>= 3.3.0),NA,NA,RcppZiggurat,NA,GPL (>= 2),NA,NA,NA,NA,yes,4.2.0
survival,/usr/lib/R/site-library,3.3-1,recommended,R (>= 3.5.0),"graphics, Matrix, methods, splines, stats, utils",NA,NA,NA,LGPL (>= 2),NA,NA,NA,NA,yes,4.2.0
survminer,/usr/lib/R/site-library,0.4.9,NA,"ggplot2, ggpubr(>= 0.1.6)","grid, gridExtra (>= 2.0), magrittr, maxstat, methods, scales,
survival, stats, broom, dplyr, tidyr, survMisc, purrr, tibble,
rlang, ggtext (>= 0.1.0)",NA,"knitr, flexsurv, cmprsk, markdown, testthat, rmarkdown",NA,GPL-2,NA,NA,NA,NA,no,4.2.0
survMisc,/usr/lib/R/site-library,0.5.6,NA,survival,"graphics, grDevices, stats, utils, knitr, KMsurv, ggplot2,
data.table, zoo, grid, gridExtra, km.ci, xtable",NA,NA,NA,GPL-2,NA,NA,NA,NA,no,4.2.0
sys,/usr/lib/R/site-library,3.4,NA,NA,NA,NA,"unix (>= 1.4), spelling, testthat",NA,MIT + file LICENSE,NA,NA,NA,NA,yes,4.2.0
tensor,/usr/lib/R/site-library,1.5,NA,NA,NA,NA,NA,NA,GPL (>= 2),NA,NA,NA,NA,NA,4.0.0
tensorA,/usr/lib/R/site-library,0.36.2,NA,"R (>= 2.2.0), stats",NA,NA,NA,NA,GPL (>= 2),NA,NA,NA,NA,yes,4.2.0
terra,/usr/lib/R/site-library,1.6-3,NA,R (>= 3.5.0),"methods, Rcpp",Rcpp,"parallel, tinytest, ncdf4, sf (>= 0.9-8), deldir, XML,
leaflet",NA,GPL (>= 3),NA,NA,NA,NA,yes,4.2.0
testthat,/usr/lib/R/site-library,3.1.4,NA,R (>= 3.1),"brio, callr (>= 3.5.1), cli (>= 3.3.0), crayon (>= 1.3.4),
desc, digest, ellipsis (>= 0.2.0), evaluate, jsonlite,
lifecycle, magrittr, methods, pkgload, praise, processx, ps (>=
1.3.4), R6 (>= 2.2.0), rlang (>= 1.0.1), utils, waldo (>=
0.4.0), withr (>= 2.4.3)",NA,"covr, curl (>= 0.9.5), diffviewer (>= 0.1.0), knitr, mockery,
rmarkdown, rstudioapi, shiny, usethis, vctrs (>= 0.1.0), xml2",NA,MIT + file LICENSE,NA,NA,NA,NA,yes,4.2.0
TH.data,/usr/lib/R/site-library,1.1-1,NA,"R (>= 3.5.0), survival, MASS",NA,NA,"dplyr, gdata, plyr, trtf, tram, rms, coin, ATR, multcomp,
gridExtra, vcd, colorspace, lattice, knitr",NA,GPL-3,NA,NA,NA,NA,no,4.2.0
tibble,/usr/lib/R/site-library,3.1.8,NA,R (>= 3.1.0),"fansi (>= 0.4.0), lifecycle (>= 1.0.0), magrittr, methods,
pillar (>= 1.7.0), pkgconfig, rlang (>= 1.0.2), utils, vctrs
(>= 0.3.8)",NA,"bench, bit64, blob, brio, callr, cli, covr, crayon (>=
1.3.4), DiagrammeR, dplyr, evaluate, formattable, ggplot2, hms,
htmltools, knitr, lubridate, mockr, nycflights13, pkgbuild,
pkgload, purrr, rmarkdown, stringi, testthat (>= 3.0.2), tidyr,
withr",NA,MIT + file LICENSE,NA,NA,NA,NA,yes,4.2.0
tidyr,/usr/lib/R/site-library,1.2.0,NA,R (>= 3.1),"dplyr (>= 1.0.0), ellipsis (>= 0.1.0), glue, lifecycle,
magrittr, purrr, rlang, tibble (>= 2.1.1), tidyselect (>=
1.1.0), utils, vctrs (>= 0.3.7)",cpp11 (>= 0.4.0),"covr, data.table, jsonlite, knitr, readr, repurrrsive (>=
1.0.0), rmarkdown, testthat (>= 3.0.0)",NA,MIT + file LICENSE,NA,NA,NA,NA,yes,4.2.0
tidyselect,/usr/lib/R/site-library,1.1.2,NA,R (>= 3.2),"ellipsis, glue (>= 1.3.0), purrr (>= 0.3.2), rlang (>= 1.0.1),
vctrs (>= 0.3.0)",NA,"covr, crayon, dplyr, knitr, magrittr, rmarkdown, testthat (>=
3.1.1), tibble (>= 2.1.3), withr",NA,MIT + file LICENSE,NA,NA,NA,NA,yes,4.2.0
tidyverse,/usr/lib/R/site-library,1.3.2,NA,R (>= 3.3),"broom (>= 0.7.10), cli (>= 3.1.0), crayon (>= 1.4.2), dbplyr
(>= 2.1.1), dplyr (>= 1.0.7), dtplyr (>= 1.2.0), forcats (>=
0.5.1), ggplot2 (>= 3.3.5), googledrive (>= 2.0.0),
googlesheets4 (>= 1.0.0), haven (>= 2.4.3), hms (>= 1.1.1),
httr (>= 1.4.2), jsonlite (>= 1.7.2), lubridate (>= 1.8.0),
magrittr (>= 2.0.1), modelr (>= 0.1.8), pillar (>= 1.6.4),
purrr (>= 0.3.4), readr (>= 2.1.1), readxl (>= 1.3.1), reprex
(>= 2.0.1), rlang (>= 0.4.12), rstudioapi (>= 0.13), rvest (>=
1.0.2), stringr (>= 1.4.0), tibble (>= 3.1.6), tidyr (>=
1.1.4), xml2 (>= 1.3.3)",NA,"covr, feather, glue, knitr, rmarkdown, testthat",NA,MIT + file LICENSE,NA,NA,NA,NA,no,4.2.0
timeDate,/usr/lib/R/site-library,4021.104,NA,R (>= 2.15.1),"graphics, utils, stats, methods",NA,"date, RUnit",NA,GPL (>= 2),NA,NA,NA,NA,no,4.2.0
tinytex,/usr/lib/R/site-library,0.40,NA,NA,xfun (>= 0.29),NA,"testit, rstudioapi",NA,MIT + file LICENSE,NA,NA,NA,NA,no,4.2.0
tmaptools,/usr/lib/R/site-library,3.1-1,NA,"R (>= 3.5), methods","sf (>= 0.9.2), lwgeom (>= 0.1-4), stars (>= 0.4-1), units (>=
0.6-1), grid, magrittr, RColorBrewer, viridisLite, stats,
dichromat, XML",NA,"tmap (>= 3.0), rmapshaper, osmdata, OpenStreetMap, raster,
png, shiny, shinyjs",NA,GPL-3,NA,NA,NA,NA,no,4.2.0
tmvnsim,/usr/lib/R/site-library,1.0-2,NA,NA,NA,NA,NA,NA,GPL-2,NA,NA,NA,NA,yes,4.2.0
tseries,/usr/lib/R/site-library,0.10-51,NA,R (>= 2.10.0),"graphics, stats, utils, quadprog, zoo, quantmod (>= 0.4-9)",NA,NA,NA,GPL-2,NA,NA,NA,NA,yes,4.2.0
TTR,/usr/lib/R/site-library,0.24.3,NA,NA,"xts (>= 0.10-0), zoo, curl",xts,RUnit,quantmod,GPL (>= 2),NA,NA,NA,NA,yes,4.2.0
tzdb,/usr/lib/R/site-library,0.3.0,NA,R (>= 3.4.0),NA,cpp11 (>= 0.4.2),"covr, testthat (>= 3.0.0)",NA,MIT + file LICENSE,NA,NA,NA,NA,yes,4.2.0
units,/usr/lib/R/site-library,0.8-0,NA,R (>= 3.0.2),Rcpp,Rcpp (>= 0.12.10),"NISTunits, measurements, xml2, magrittr, pillar (>= 1.3.0),
dplyr (>= 1.0.0), vctrs (>= 0.3.1), ggplot2 (> 3.2.1), testthat
(>= 3.0.0), vdiffr, knitr, rmarkdown",NA,GPL-2,NA,NA,NA,NA,yes,4.2.0
urca,/usr/lib/R/site-library,1.3-0,NA,"R (>= 2.0.0), methods","nlme, graphics, stats",NA,NA,NA,GPL (>= 2),NA,NA,NA,NA,yes,4.0.0
usdata,/usr/lib/R/site-library,0.2.0,NA,R (>= 2.10),tibble,NA,"dplyr, ggplot2, maps, testthat",NA,GPL-3,NA,NA,NA,NA,no,4.2.0
usethis,/usr/lib/R/site-library,2.1.6,NA,R (>= 3.4),"cli (>= 3.0.1), clipr (>= 0.3.0), crayon, curl (>= 2.7), desc
(>= 1.4.0), fs (>= 1.3.0), gert (>= 1.4.1), gh (>= 1.2.1), glue
(>= 1.3.0), jsonlite, lifecycle (>= 1.0.0), purrr, rappdirs,
rlang (>= 1.0.0), rprojroot (>= 1.2), rstudioapi, stats, utils,
whisker, withr (>= 2.3.0), yaml",NA,"covr, knitr, magick, mockr, pkgload, rmarkdown, roxygen2 (>=
7.1.2), spelling (>= 1.2), styler (>= 1.2.0), testthat (>=
3.1.0)",NA,MIT + file LICENSE,NA,NA,NA,NA,no,4.2.0
utf8,/usr/lib/R/site-library,1.2.2,NA,R (>= 2.10),NA,NA,"cli, covr, knitr, rlang, rmarkdown, testthat (>= 3.0.0),
withr",NA,Apache License (== 2.0) | file LICENSE,NA,NA,NA,NA,yes,4.2.0
uuid,/usr/lib/R/site-library,1.1-0,NA,R (>= 2.9.0),NA,NA,NA,NA,MIT + file LICENSE,NA,NA,NA,NA,yes,4.2.0
vcd,/usr/lib/R/site-library,1.4-7,NA,"R (>= 2.4.0), grid","stats, utils, MASS, grDevices, colorspace, lmtest",NA,"KernSmooth, mvtnorm, kernlab, HSAUR, coin",NA,GPL-2,NA,NA,NA,NA,no,4.0.0
vctrs,/usr/lib/R/site-library,0.4.1,NA,R (>= 3.3),"cli (>= 3.2.0), glue, rlang (>= 1.0.2)",NA,"bit64, covr, crayon, dplyr (>= 0.8.5), generics, knitr,
pillar (>= 1.4.4), pkgdown (>= 2.0.1), rmarkdown, testthat (>=
3.0.0), tibble (>= 3.1.3), withr, xml2, waldo (>= 0.2.0),
zeallot",NA,MIT + file LICENSE,NA,NA,NA,NA,yes,4.2.0
viridis,/usr/lib/R/site-library,0.6.2,NA,"R (>= 2.10), viridisLite (>= 0.4.0)","stats, ggplot2 (>= 1.0.1), gridExtra",NA,"hexbin (>= 1.27.0), scales, MASS, knitr, dichromat,
colorspace, raster, rasterVis, httr, mapproj, vdiffr, svglite
(>= 1.2.0), testthat, covr, rmarkdown, rgdal, maps",NA,MIT + file LICENSE,NA,NA,NA,NA,no,4.2.0
viridisLite,/usr/lib/R/site-library,0.4.0,NA,R (>= 2.10),NA,NA,"hexbin (>= 1.27.0), ggplot2 (>= 1.0.1), testthat, covr",NA,MIT + file LICENSE,NA,NA,NA,NA,no,4.2.0
vroom,/usr/lib/R/site-library,1.5.7,NA,R (>= 3.1),"bit64, crayon, cli, glue, hms, lifecycle, methods, rlang (>=
0.4.2), stats, tibble (>= 2.0.0), tzdb (>= 0.1.1), vctrs (>=
0.2.0), tidyselect, withr","progress (>= 1.2.1), cpp11 (>= 0.2.0), tzdb (>= 0.1.1)","archive, bench (>= 1.1.0), covr, curl, dplyr, forcats, fs,
ggplot2, knitr, patchwork, prettyunits, purrr, rmarkdown,
rstudioapi, scales, spelling, testthat (>= 2.1.0), tidyr,
utils, waldo, xml2",NA,MIT + file LICENSE,NA,NA,NA,NA,yes,4.2.0
waldo,/usr/lib/R/site-library,0.4.0,NA,NA,"cli, diffobj (>= 0.3.4), fansi, glue, methods, rematch2, rlang
(>= 1.0.0), tibble",NA,"covr, R6, testthat (>= 3.0.0), withr, xml2",NA,MIT + file LICENSE,NA,NA,NA,NA,no,4.2.0
whisker,/usr/lib/R/site-library,0.4,NA,NA,NA,NA,markdown,NA,GPL-3,NA,NA,NA,NA,no,4.2.0
withr,/usr/lib/R/site-library,2.5.0,NA,R (>= 3.2.0),"graphics, grDevices, stats",NA,"callr, covr, DBI, knitr, lattice, methods, rlang, rmarkdown
(>= 2.12), RSQLite, testthat (>= 3.0.0)",NA,MIT + file LICENSE,NA,NA,NA,NA,no,4.2.0
wk,/usr/lib/R/site-library,0.6.0,NA,NA,NA,NA,"testthat (>= 3.0.0), vctrs (>= 0.3.0), sf, tibble, readr",NA,MIT + file LICENSE,NA,NA,NA,NA,yes,4.2.0
xfun,/usr/lib/R/site-library,0.31,NA,NA,"stats, tools",NA,"testit, parallel, codetools, rstudioapi, tinytex (>= 0.30),
mime, markdown, knitr, htmltools, remotes, pak, rhub, renv,
curl, jsonlite, rmarkdown",NA,MIT + file LICENSE,NA,NA,NA,NA,yes,4.2.0
XML,/usr/lib/R/site-library,3.99-0.10,NA,"R (>= 4.0.0), methods, utils",NA,NA,"bitops, RCurl",NA,BSD_3_clause + file LICENSE,NA,NA,NA,NA,yes,4.2.0
xml2,/usr/lib/R/site-library,1.3.3,NA,R (>= 3.1.0),methods,NA,"covr, curl, httr, knitr, magrittr, mockery, rmarkdown,
testthat (>= 2.1.0)",NA,MIT + file LICENSE,NA,NA,NA,NA,yes,4.2.0
xopen,/usr/lib/R/site-library,1.0.0,NA,R (>= 3.1),processx,NA,"ps, testthat",NA,MIT + file LICENSE,NA,NA,NA,NA,no,4.2.0
xtable,/usr/lib/R/site-library,1.8-4,NA,R (>= 2.10.0),"stats, utils",NA,"knitr, plm, zoo, survival",NA,GPL (>= 2),NA,NA,NA,NA,no,4.0.0
xts,/usr/lib/R/site-library,0.12.1,NA,zoo (>= 1.7-12),methods,zoo,"timeSeries, timeDate, tseries, chron, fts, tis, RUnit",NA,GPL (>= 2),NA,NA,NA,NA,yes,4.2.0
yaml,/usr/lib/R/site-library,2.3.5,NA,NA,NA,NA,RUnit,NA,BSD_3_clause + file LICENSE,NA,NA,NA,NA,yes,4.2.0
zip,/usr/lib/R/site-library,2.2.0,NA,NA,NA,NA,"covr, processx, R6, testthat, withr",NA,MIT + file LICENSE,NA,NA,NA,NA,yes,4.2.0
zoo,/usr/lib/R/site-library,1.8-10,NA,"R (>= 3.1.0), stats","utils, graphics, grDevices, lattice (>= 0.20-27)",NA,"AER, coda, chron, fts, ggplot2 (>= 3.0.0), mondate, scales,
stinepack, strucchange, timeDate, timeSeries, tis, tseries, xts",NA,GPL-2 | GPL-3,NA,NA,NA,NA,yes,4.2.0
base,/usr/lib/R/library,4.2.1,base,NA,NA,NA,methods,NA,Part of R 4.2.1,NA,NA,NA,NA,NA,4.2.1
compiler,/usr/lib/R/library,4.2.1,base,NA,NA,NA,NA,NA,Part of R 4.2.1,NA,NA,NA,NA,NA,4.2.1
datasets,/usr/lib/R/library,4.2.1,base,NA,NA,NA,NA,NA,Part of R 4.2.1,NA,NA,NA,NA,NA,4.2.1
graphics,/usr/lib/R/library,4.2.1,base,NA,grDevices,NA,NA,NA,Part of R 4.2.1,NA,NA,NA,NA,yes,4.2.1
grDevices,/usr/lib/R/library,4.2.1,base,NA,NA,NA,KernSmooth,NA,Part of R 4.2.1,NA,NA,NA,NA,yes,4.2.1
grid,/usr/lib/R/library,4.2.1,base,NA,"grDevices, utils",NA,NA,NA,Part of R 4.2.1,NA,NA,NA,NA,yes,4.2.1
lattice,/usr/lib/R/library,0.20-45,recommended,R (>= 3.0.0),"grid, grDevices, graphics, stats, utils",NA,"KernSmooth, MASS, latticeExtra",chron,GPL (>= 2),NA,NA,NA,NA,yes,4.2.0
methods,/usr/lib/R/library,4.2.1,base,NA,"utils, stats",NA,codetools,NA,Part of R 4.2.1,NA,NA,NA,NA,yes,4.2.1
parallel,/usr/lib/R/library,4.2.1,base,NA,"tools, compiler",NA,methods,"snow, nws, Rmpi",Part of R 4.2.1,NA,NA,NA,NA,yes,4.2.1
splines,/usr/lib/R/library,4.2.1,base,NA,"graphics, stats",NA,"Matrix, methods",NA,Part of R 4.2.1,NA,NA,NA,NA,yes,4.2.1
stats,/usr/lib/R/library,4.2.1,base,NA,"utils, grDevices, graphics",NA,"MASS, Matrix, SuppDists, methods, stats4",NA,Part of R 4.2.1,NA,NA,NA,NA,yes,4.2.1
stats4,/usr/lib/R/library,4.2.1,base,NA,"graphics, methods, stats",NA,NA,NA,Part of R 4.2.1,NA,NA,NA,NA,NA,4.2.1
tcltk,/usr/lib/R/library,4.2.1,base,NA,utils,NA,NA,NA,Part of R 4.2.1,NA,NA,NA,NA,yes,4.2.1
tools,/usr/lib/R/library,4.2.1,base,NA,NA,NA,"codetools, methods, xml2, curl, commonmark, knitr, xfun, mathjaxr",NA,Part of R 4.2.1,NA,NA,NA,NA,yes,4.2.1
utils,/usr/lib/R/library,4.2.1,base,NA,NA,NA,"methods, xml2, commonmark, knitr",NA,Part of R 4.2.1,NA,NA,NA,NA,yes,4.2.1
